# Water withdrawals by subsector,,,,,
sector,subsector,var1,var2,var3,unit_conv
Beef,Mixed,Water Withdrawal,Water Withdrawal|Livestock,,1
Beef,Pastoral,Water Withdrawal,Water Withdrawal|Livestock,,1
biomass,biomassGrass_AfrCstE,Water Withdrawal,NoReported,??elec|biomass?? Or irrigation?,1
biomass,biomassGrass_AfrCstNE,Water Withdrawal,NoReported,??elec|biomass?? Or irrigation?,1
biomass,biomassGrass_CongoR,Water Withdrawal,NoReported,??elec|biomass?? Or irrigation?,1
biomass,biomassGrass_LChad,Water Withdrawal,NoReported,??elec|biomass?? Or irrigation?,1
biomass,biomassGrass_Madagascar,Water Withdrawal,NoReported,??elec|biomass?? Or irrigation?,1
biomass,biomassGrass_NileR,Water Withdrawal,NoReported,??elec|biomass?? Or irrigation?,1
biomass,biomassGrass_RiftValley,Water Withdrawal,NoReported,??elec|biomass?? Or irrigation?,1
biomass,biomassGrass_ShebJubR,Water Withdrawal,NoReported,??elec|biomass?? Or irrigation?,1
biomass,biomassTree_AfrCstE,Water Withdrawal,NoReported,??elec|biomass?? Or irrigation?,1
biomass,biomassTree_AfrCstNE,Water Withdrawal,NoReported,??elec|biomass?? Or irrigation?,1
biomass,biomassTree_CongoR,Water Withdrawal,NoReported,??elec|biomass?? Or irrigation?,1
biomass,biomassTree_Madagascar,Water Withdrawal,NoReported,??elec|biomass?? Or irrigation?,1
biomass,biomassTree_NileR,Water Withdrawal,NoReported,??elec|biomass?? Or irrigation?,1
biomass,biomassTree_RiftValley,Water Withdrawal,NoReported,??elec|biomass?? Or irrigation?,1
biomass,biomassTree_ShebJubR,Water Withdrawal,NoReported,??elec|biomass?? Or irrigation?,1
biomass,biomassGrass_AfrCstNW,Water Withdrawal,NoReported,??elec|biomass?? Or irrigation?,1
biomass,biomassGrass_AfrIntN,Water Withdrawal,NoReported,??elec|biomass?? Or irrigation?,1
biomass,biomassGrass_MeditE,Water Withdrawal,NoReported,??elec|biomass?? Or irrigation?,1
biomass,biomassGrass_MeditS,Water Withdrawal,NoReported,??elec|biomass?? Or irrigation?,1
biomass,biomassGrass_SinaiP,Water Withdrawal,NoReported,??elec|biomass?? Or irrigation?,1
biomass,biomassTree_AfrCstNW,Water Withdrawal,NoReported,??elec|biomass?? Or irrigation?,1
biomass,biomassTree_AfrIntN,Water Withdrawal,NoReported,??elec|biomass?? Or irrigation?,1
biomass,biomassTree_MeditS,Water Withdrawal,NoReported,??elec|biomass?? Or irrigation?,1
biomass,biomassGrass_AfrCstS,Water Withdrawal,NoReported,??elec|biomass?? Or irrigation?,1
biomass,biomassGrass_AfrCstSE,Water Withdrawal,NoReported,??elec|biomass?? Or irrigation?,1
biomass,biomassGrass_AfrCstSW,Water Withdrawal,NoReported,??elec|biomass?? Or irrigation?,1
biomass,biomassGrass_AfrIntS,Water Withdrawal,NoReported,??elec|biomass?? Or irrigation?,1
biomass,biomassGrass_AngolaCst,Water Withdrawal,NoReported,??elec|biomass?? Or irrigation?,1
biomass,biomassGrass_LimpopoR,Water Withdrawal,NoReported,??elec|biomass?? Or irrigation?,1
biomass,biomassGrass_OrangeR,Water Withdrawal,NoReported,??elec|biomass?? Or irrigation?,1
biomass,biomassGrass_ZambeziR,Water Withdrawal,NoReported,??elec|biomass?? Or irrigation?,1
biomass,biomassTree_AfrCstS,Water Withdrawal,NoReported,??elec|biomass?? Or irrigation?,1
biomass,biomassTree_AfrCstSE,Water Withdrawal,NoReported,??elec|biomass?? Or irrigation?,1
biomass,biomassTree_AfrIntS,Water Withdrawal,NoReported,??elec|biomass?? Or irrigation?,1
biomass,biomassTree_AngolaCst,Water Withdrawal,NoReported,??elec|biomass?? Or irrigation?,1
biomass,biomassTree_LimpopoR,Water Withdrawal,NoReported,??elec|biomass?? Or irrigation?,1
biomass,biomassTree_ZambeziR,Water Withdrawal,NoReported,??elec|biomass?? Or irrigation?,1
biomass,biomassGrass_AfrCstW,Water Withdrawal,NoReported,??elec|biomass?? Or irrigation?,1
biomass,biomassGrass_GuineaGulf,Water Withdrawal,NoReported,??elec|biomass?? Or irrigation?,1
biomass,biomassGrass_NigerR,Water Withdrawal,NoReported,??elec|biomass?? Or irrigation?,1
biomass,biomassGrass_SenegalR,Water Withdrawal,NoReported,??elec|biomass?? Or irrigation?,1
biomass,biomassGrass_VoltaR,Water Withdrawal,NoReported,??elec|biomass?? Or irrigation?,1
biomass,biomassTree_AfrCstW,Water Withdrawal,NoReported,??elec|biomass?? Or irrigation?,1
biomass,biomassTree_GuineaGulf,Water Withdrawal,NoReported,??elec|biomass?? Or irrigation?,1
biomass,biomassTree_LChad,Water Withdrawal,NoReported,??elec|biomass?? Or irrigation?,1
biomass,biomassTree_NigerR,Water Withdrawal,NoReported,??elec|biomass?? Or irrigation?,1
biomass,biomassTree_SenegalR,Water Withdrawal,NoReported,??elec|biomass?? Or irrigation?,1
biomass,biomassTree_VoltaR,Water Withdrawal,NoReported,??elec|biomass?? Or irrigation?,1
biomass,biomassGrass_ArgColoR,Water Withdrawal,NoReported,??elec|biomass?? Or irrigation?,1
biomass,biomassGrass_ArgCstN,Water Withdrawal,NoReported,??elec|biomass?? Or irrigation?,1
biomass,biomassGrass_ArgCstS,Water Withdrawal,NoReported,??elec|biomass?? Or irrigation?,1
biomass,biomassGrass_ChileCstS,Water Withdrawal,NoReported,??elec|biomass?? Or irrigation?,1
biomass,biomassGrass_LaPuna,Water Withdrawal,NoReported,??elec|biomass?? Or irrigation?,1
biomass,biomassGrass_MarChiq,Water Withdrawal,NoReported,??elec|biomass?? Or irrigation?,1
biomass,biomassGrass_NegroR,Water Withdrawal,NoReported,??elec|biomass?? Or irrigation?,1
biomass,biomassGrass_Pampas,Water Withdrawal,NoReported,??elec|biomass?? Or irrigation?,1
biomass,biomassGrass_Patagonia,Water Withdrawal,NoReported,??elec|biomass?? Or irrigation?,1
biomass,biomassGrass_RioLaPlata,Water Withdrawal,NoReported,??elec|biomass?? Or irrigation?,1
biomass,biomassGrass_Salinas,Water Withdrawal,NoReported,??elec|biomass?? Or irrigation?,1
biomass,biomassTree_ArgColoR,Water Withdrawal,NoReported,??elec|biomass?? Or irrigation?,1
biomass,biomassTree_ArgCstS,Water Withdrawal,NoReported,??elec|biomass?? Or irrigation?,1
biomass,biomassTree_ChileCstS,Water Withdrawal,NoReported,??elec|biomass?? Or irrigation?,1
biomass,biomassTree_MarChiq,Water Withdrawal,NoReported,??elec|biomass?? Or irrigation?,1
biomass,biomassTree_NegroR,Water Withdrawal,NoReported,??elec|biomass?? Or irrigation?,1
biomass,biomassTree_Pampas,Water Withdrawal,NoReported,??elec|biomass?? Or irrigation?,1
biomass,biomassTree_Patagonia,Water Withdrawal,NoReported,??elec|biomass?? Or irrigation?,1
biomass,biomassTree_RioLaPlata,Water Withdrawal,NoReported,??elec|biomass?? Or irrigation?,1
biomass,biomassTree_Salinas,Water Withdrawal,NoReported,??elec|biomass?? Or irrigation?,1
biomass,biomassGrass_AusCstE,Water Withdrawal,NoReported,??elec|biomass?? Or irrigation?,1
biomass,biomassGrass_AusCstN,Water Withdrawal,NoReported,??elec|biomass?? Or irrigation?,1
biomass,biomassGrass_AusCstS,Water Withdrawal,NoReported,??elec|biomass?? Or irrigation?,1
biomass,biomassGrass_AusCstW,Water Withdrawal,NoReported,??elec|biomass?? Or irrigation?,1
biomass,biomassGrass_AusInt,Water Withdrawal,NoReported,??elec|biomass?? Or irrigation?,1
biomass,biomassGrass_MurrayDrlg,Water Withdrawal,NoReported,??elec|biomass?? Or irrigation?,1
biomass,biomassGrass_NewZealand,Water Withdrawal,NoReported,??elec|biomass?? Or irrigation?,1
biomass,biomassGrass_Tasmania,Water Withdrawal,NoReported,??elec|biomass?? Or irrigation?,1
biomass,biomassTree_AusCstE,Water Withdrawal,NoReported,??elec|biomass?? Or irrigation?,1
biomass,biomassTree_AusCstN,Water Withdrawal,NoReported,??elec|biomass?? Or irrigation?,1
biomass,biomassTree_AusCstS,Water Withdrawal,NoReported,??elec|biomass?? Or irrigation?,1
biomass,biomassTree_AusCstW,Water Withdrawal,NoReported,??elec|biomass?? Or irrigation?,1
biomass,biomassTree_MurrayDrlg,Water Withdrawal,NoReported,??elec|biomass?? Or irrigation?,1
biomass,biomassTree_NewZealand,Water Withdrawal,NoReported,??elec|biomass?? Or irrigation?,1
biomass,biomassTree_Tasmania,Water Withdrawal,NoReported,??elec|biomass?? Or irrigation?,1
biomass,biomassGrass_AmazonR,Water Withdrawal,NoReported,??elec|biomass?? Or irrigation?,1
biomass,biomassGrass_BrzCstE,Water Withdrawal,NoReported,??elec|biomass?? Or irrigation?,1
biomass,biomassGrass_BrzCstN,Water Withdrawal,NoReported,??elec|biomass?? Or irrigation?,1
biomass,biomassGrass_BrzCstS,Water Withdrawal,NoReported,??elec|biomass?? Or irrigation?,1
biomass,biomassGrass_ParnaibaR,Water Withdrawal,NoReported,??elec|biomass?? Or irrigation?,1
biomass,biomassGrass_SaoFrancR,Water Withdrawal,NoReported,??elec|biomass?? Or irrigation?,1
biomass,biomassGrass_TocantinsR,Water Withdrawal,NoReported,??elec|biomass?? Or irrigation?,1
biomass,biomassTree_AmazonR,Water Withdrawal,NoReported,??elec|biomass?? Or irrigation?,1
biomass,biomassTree_BrzCstE,Water Withdrawal,NoReported,??elec|biomass?? Or irrigation?,1
biomass,biomassTree_BrzCstN,Water Withdrawal,NoReported,??elec|biomass?? Or irrigation?,1
biomass,biomassTree_BrzCstS,Water Withdrawal,NoReported,??elec|biomass?? Or irrigation?,1
biomass,biomassTree_ParnaibaR,Water Withdrawal,NoReported,??elec|biomass?? Or irrigation?,1
biomass,biomassTree_SaoFrancR,Water Withdrawal,NoReported,??elec|biomass?? Or irrigation?,1
biomass,biomassTree_TocantinsR,Water Withdrawal,NoReported,??elec|biomass?? Or irrigation?,1
biomass,biomassGrass_CanAtl,Water Withdrawal,NoReported,??elec|biomass?? Or irrigation?,1
biomass,biomassGrass_FraserR,Water Withdrawal,NoReported,??elec|biomass?? Or irrigation?,1
biomass,biomassGrass_GreatLakes,Water Withdrawal,NoReported,??elec|biomass?? Or irrigation?,1
biomass,biomassGrass_HudsonBay,Water Withdrawal,NoReported,??elec|biomass?? Or irrigation?,1
biomass,biomassGrass_Mackenzie,Water Withdrawal,NoReported,??elec|biomass?? Or irrigation?,1
biomass,biomassGrass_MissouriR,Water Withdrawal,NoReported,??elec|biomass?? Or irrigation?,1
biomass,biomassGrass_NWTerr,Water Withdrawal,NoReported,??elec|biomass?? Or irrigation?,1
biomass,biomassGrass_NelsonR,Water Withdrawal,NoReported,??elec|biomass?? Or irrigation?,1
biomass,biomassGrass_PacArctic,Water Withdrawal,NoReported,??elec|biomass?? Or irrigation?,1
biomass,biomassGrass_StLwrncR,Water Withdrawal,NoReported,??elec|biomass?? Or irrigation?,1
biomass,biomassGrass_UsaCstNE,Water Withdrawal,NoReported,??elec|biomass?? Or irrigation?,1
biomass,biomassGrass_UsaPacNW,Water Withdrawal,NoReported,??elec|biomass?? Or irrigation?,1
biomass,biomassTree_CanAtl,Water Withdrawal,NoReported,??elec|biomass?? Or irrigation?,1
biomass,biomassTree_FraserR,Water Withdrawal,NoReported,??elec|biomass?? Or irrigation?,1
biomass,biomassTree_GreatLakes,Water Withdrawal,NoReported,??elec|biomass?? Or irrigation?,1
biomass,biomassTree_HudsonBay,Water Withdrawal,NoReported,??elec|biomass?? Or irrigation?,1
biomass,biomassTree_Mackenzie,Water Withdrawal,NoReported,??elec|biomass?? Or irrigation?,1
biomass,biomassTree_MissouriR,Water Withdrawal,NoReported,??elec|biomass?? Or irrigation?,1
biomass,biomassTree_NWTerr,Water Withdrawal,NoReported,??elec|biomass?? Or irrigation?,1
biomass,biomassTree_NelsonR,Water Withdrawal,NoReported,??elec|biomass?? Or irrigation?,1
biomass,biomassTree_PacArctic,Water Withdrawal,NoReported,??elec|biomass?? Or irrigation?,1
biomass,biomassTree_StLwrncR,Water Withdrawal,NoReported,??elec|biomass?? Or irrigation?,1
biomass,biomassTree_UsaCstNE,Water Withdrawal,NoReported,??elec|biomass?? Or irrigation?,1
biomass,biomassTree_UsaPacNW,Water Withdrawal,NoReported,??elec|biomass?? Or irrigation?,1
biomass,biomassGrass_Caribbean,Water Withdrawal,NoReported,??elec|biomass?? Or irrigation?,1
biomass,biomassGrass_CntAmer,Water Withdrawal,NoReported,??elec|biomass?? Or irrigation?,1
biomass,biomassGrass_ColEcuaCst,Water Withdrawal,NoReported,??elec|biomass?? Or irrigation?,1
biomass,biomassGrass_GrijUsuR,Water Withdrawal,NoReported,??elec|biomass?? Or irrigation?,1
biomass,biomassGrass_SAmerCstN,Water Withdrawal,NoReported,??elec|biomass?? Or irrigation?,1
biomass,biomassGrass_YucatanP,Water Withdrawal,NoReported,??elec|biomass?? Or irrigation?,1
biomass,biomassTree_Caribbean,Water Withdrawal,NoReported,??elec|biomass?? Or irrigation?,1
biomass,biomassTree_CntAmer,Water Withdrawal,NoReported,??elec|biomass?? Or irrigation?,1
biomass,biomassTree_ColEcuaCst,Water Withdrawal,NoReported,??elec|biomass?? Or irrigation?,1
biomass,biomassTree_GrijUsuR,Water Withdrawal,NoReported,??elec|biomass?? Or irrigation?,1
biomass,biomassTree_SAmerCstN,Water Withdrawal,NoReported,??elec|biomass?? Or irrigation?,1
biomass,biomassTree_YucatanP,Water Withdrawal,NoReported,??elec|biomass?? Or irrigation?,1
biomass,biomassGrass_AmuDaryaR,Water Withdrawal,NoReported,??elec|biomass?? Or irrigation?,1
biomass,biomassGrass_AmurR,Water Withdrawal,NoReported,??elec|biomass?? Or irrigation?,1
biomass,biomassGrass_BlackSeaS,Water Withdrawal,NoReported,??elec|biomass?? Or irrigation?,1
biomass,biomassGrass_CaspianE,Water Withdrawal,NoReported,??elec|biomass?? Or irrigation?,1
biomass,biomassGrass_CaspianNE,Water Withdrawal,NoReported,??elec|biomass?? Or irrigation?,1
biomass,biomassGrass_CaspianSW,Water Withdrawal,NoReported,??elec|biomass?? Or irrigation?,1
biomass,biomassGrass_Gobi,Water Withdrawal,NoReported,??elec|biomass?? Or irrigation?,1
biomass,biomassGrass_LBalkash,Water Withdrawal,NoReported,??elec|biomass?? Or irrigation?,1
biomass,biomassGrass_ObR,Water Withdrawal,NoReported,??elec|biomass?? Or irrigation?,1
biomass,biomassGrass_SyrDaryaR,Water Withdrawal,NoReported,??elec|biomass?? Or irrigation?,1
biomass,biomassGrass_UralR,Water Withdrawal,NoReported,??elec|biomass?? Or irrigation?,1
biomass,biomassGrass_VolgaR,Water Withdrawal,NoReported,??elec|biomass?? Or irrigation?,1
biomass,biomassGrass_YeniseiR,Water Withdrawal,NoReported,??elec|biomass?? Or irrigation?,1
biomass,biomassTree_AmurR,Water Withdrawal,NoReported,??elec|biomass?? Or irrigation?,1
biomass,biomassTree_BlackSeaS,Water Withdrawal,NoReported,??elec|biomass?? Or irrigation?,1
biomass,biomassTree_CaspianNE,Water Withdrawal,NoReported,??elec|biomass?? Or irrigation?,1
biomass,biomassTree_CaspianSW,Water Withdrawal,NoReported,??elec|biomass?? Or irrigation?,1
biomass,biomassTree_Gobi,Water Withdrawal,NoReported,??elec|biomass?? Or irrigation?,1
biomass,biomassTree_LBalkash,Water Withdrawal,NoReported,??elec|biomass?? Or irrigation?,1
biomass,biomassTree_ObR,Water Withdrawal,NoReported,??elec|biomass?? Or irrigation?,1
biomass,biomassTree_SyrDaryaR,Water Withdrawal,NoReported,??elec|biomass?? Or irrigation?,1
biomass,biomassTree_VolgaR,Water Withdrawal,NoReported,??elec|biomass?? Or irrigation?,1
biomass,biomassTree_YeniseiR,Water Withdrawal,NoReported,??elec|biomass?? Or irrigation?,1
biomass,biomassGrass_BoHai,Water Withdrawal,NoReported,??elec|biomass?? Or irrigation?,1
biomass,biomassGrass_ChinaCst,Water Withdrawal,NoReported,??elec|biomass?? Or irrigation?,1
biomass,biomassGrass_GangesR,Water Withdrawal,NoReported,??elec|biomass?? Or irrigation?,1
biomass,biomassGrass_Hainan,Water Withdrawal,NoReported,??elec|biomass?? Or irrigation?,1
biomass,biomassGrass_Hong,Water Withdrawal,NoReported,??elec|biomass?? Or irrigation?,1
biomass,biomassGrass_HuangHeR,Water Withdrawal,NoReported,??elec|biomass?? Or irrigation?,1
biomass,biomassGrass_IndusR,Water Withdrawal,NoReported,??elec|biomass?? Or irrigation?,1
biomass,biomassGrass_IrrawaddyR,Water Withdrawal,NoReported,??elec|biomass?? Or irrigation?,1
biomass,biomassGrass_Mekong,Water Withdrawal,NoReported,??elec|biomass?? Or irrigation?,1
biomass,biomassGrass_RusCstSE,Water Withdrawal,NoReported,??elec|biomass?? Or irrigation?,1
biomass,biomassGrass_SChinaSea,Water Withdrawal,NoReported,??elec|biomass?? Or irrigation?,1
biomass,biomassGrass_Salween,Water Withdrawal,NoReported,??elec|biomass?? Or irrigation?,1
biomass,biomassGrass_Tarim,Water Withdrawal,NoReported,??elec|biomass?? Or irrigation?,1
biomass,biomassGrass_XunJiang,Water Withdrawal,NoReported,??elec|biomass?? Or irrigation?,1
biomass,biomassGrass_Yangtze,Water Withdrawal,NoReported,??elec|biomass?? Or irrigation?,1
biomass,biomassGrass_ZiyaHe,Water Withdrawal,NoReported,??elec|biomass?? Or irrigation?,1
biomass,biomassTree_BoHai,Water Withdrawal,NoReported,??elec|biomass?? Or irrigation?,1
biomass,biomassTree_ChinaCst,Water Withdrawal,NoReported,??elec|biomass?? Or irrigation?,1
biomass,biomassTree_GangesR,Water Withdrawal,NoReported,??elec|biomass?? Or irrigation?,1
biomass,biomassTree_Hainan,Water Withdrawal,NoReported,??elec|biomass?? Or irrigation?,1
biomass,biomassTree_Hong,Water Withdrawal,NoReported,??elec|biomass?? Or irrigation?,1
biomass,biomassTree_HuangHeR,Water Withdrawal,NoReported,??elec|biomass?? Or irrigation?,1
biomass,biomassTree_IrrawaddyR,Water Withdrawal,NoReported,??elec|biomass?? Or irrigation?,1
biomass,biomassTree_Mekong,Water Withdrawal,NoReported,??elec|biomass?? Or irrigation?,1
biomass,biomassTree_RusCstSE,Water Withdrawal,NoReported,??elec|biomass?? Or irrigation?,1
biomass,biomassTree_SChinaSea,Water Withdrawal,NoReported,??elec|biomass?? Or irrigation?,1
biomass,biomassTree_Salween,Water Withdrawal,NoReported,??elec|biomass?? Or irrigation?,1
biomass,biomassTree_XunJiang,Water Withdrawal,NoReported,??elec|biomass?? Or irrigation?,1
biomass,biomassTree_Yangtze,Water Withdrawal,NoReported,??elec|biomass?? Or irrigation?,1
biomass,biomassTree_ZiyaHe,Water Withdrawal,NoReported,??elec|biomass?? Or irrigation?,1
biomass,biomassGrass_MagdalenaR,Water Withdrawal,NoReported,??elec|biomass?? Or irrigation?,1
biomass,biomassGrass_OrinocoR,Water Withdrawal,NoReported,??elec|biomass?? Or irrigation?,1
biomass,biomassTree_MagdalenaR,Water Withdrawal,NoReported,??elec|biomass?? Or irrigation?,1
biomass,biomassTree_OrinocoR,Water Withdrawal,NoReported,??elec|biomass?? Or irrigation?,1
biomass,biomassGrass_AdrBlkSea,Water Withdrawal,NoReported,??elec|biomass?? Or irrigation?,1
biomass,biomassGrass_BalticSea,Water Withdrawal,NoReported,??elec|biomass?? Or irrigation?,1
biomass,biomassGrass_DanubeR,Water Withdrawal,NoReported,??elec|biomass?? Or irrigation?,1
biomass,biomassGrass_DaugavaR,Water Withdrawal,NoReported,??elec|biomass?? Or irrigation?,1
biomass,biomassGrass_DniesterR,Water Withdrawal,NoReported,??elec|biomass?? Or irrigation?,1
biomass,biomassGrass_DnkGrmCst,Water Withdrawal,NoReported,??elec|biomass?? Or irrigation?,1
biomass,biomassGrass_ElbeR,Water Withdrawal,NoReported,??elec|biomass?? Or irrigation?,1
biomass,biomassGrass_NarvaR,Water Withdrawal,NoReported,??elec|biomass?? Or irrigation?,1
biomass,biomassGrass_NemanR,Water Withdrawal,NoReported,??elec|biomass?? Or irrigation?,1
biomass,biomassGrass_OderR,Water Withdrawal,NoReported,??elec|biomass?? Or irrigation?,1
biomass,biomassGrass_PolandCst,Water Withdrawal,NoReported,??elec|biomass?? Or irrigation?,1
biomass,biomassGrass_WislaR,Water Withdrawal,NoReported,??elec|biomass?? Or irrigation?,1
biomass,biomassTree_AdrBlkSea,Water Withdrawal,NoReported,??elec|biomass?? Or irrigation?,1
biomass,biomassTree_BalticSea,Water Withdrawal,NoReported,??elec|biomass?? Or irrigation?,1
biomass,biomassTree_DanubeR,Water Withdrawal,NoReported,??elec|biomass?? Or irrigation?,1
biomass,biomassTree_DaugavaR,Water Withdrawal,NoReported,??elec|biomass?? Or irrigation?,1
biomass,biomassTree_DniesterR,Water Withdrawal,NoReported,??elec|biomass?? Or irrigation?,1
biomass,biomassTree_DnkGrmCst,Water Withdrawal,NoReported,??elec|biomass?? Or irrigation?,1
biomass,biomassTree_ElbeR,Water Withdrawal,NoReported,??elec|biomass?? Or irrigation?,1
biomass,biomassTree_MeditE,Water Withdrawal,NoReported,??elec|biomass?? Or irrigation?,1
biomass,biomassTree_NarvaR,Water Withdrawal,NoReported,??elec|biomass?? Or irrigation?,1
biomass,biomassTree_NemanR,Water Withdrawal,NoReported,??elec|biomass?? Or irrigation?,1
biomass,biomassTree_OderR,Water Withdrawal,NoReported,??elec|biomass?? Or irrigation?,1
biomass,biomassTree_PolandCst,Water Withdrawal,NoReported,??elec|biomass?? Or irrigation?,1
biomass,biomassTree_WislaR,Water Withdrawal,NoReported,??elec|biomass?? Or irrigation?,1
biomass,biomassGrass_DouroR,Water Withdrawal,NoReported,??elec|biomass?? Or irrigation?,1
biomass,biomassGrass_EbroR,Water Withdrawal,NoReported,??elec|biomass?? Or irrigation?,1
biomass,biomassGrass_EmsWeserR,Water Withdrawal,NoReported,??elec|biomass?? Or irrigation?,1
biomass,biomassGrass_EngWales,Water Withdrawal,NoReported,??elec|biomass?? Or irrigation?,1
biomass,biomassGrass_Finland,Water Withdrawal,NoReported,??elec|biomass?? Or irrigation?,1
biomass,biomassGrass_FranceCstS,Water Withdrawal,NoReported,??elec|biomass?? Or irrigation?,1
biomass,biomassGrass_FranceCstW,Water Withdrawal,NoReported,??elec|biomass?? Or irrigation?,1
biomass,biomassGrass_Gironde,Water Withdrawal,NoReported,??elec|biomass?? Or irrigation?,1
biomass,biomassGrass_GuadalqR,Water Withdrawal,NoReported,??elec|biomass?? Or irrigation?,1
biomass,biomassGrass_GuadianaR,Water Withdrawal,NoReported,??elec|biomass?? Or irrigation?,1
biomass,biomassGrass_IberiaCst,Water Withdrawal,NoReported,??elec|biomass?? Or irrigation?,1
biomass,biomassGrass_Ireland,Water Withdrawal,NoReported,??elec|biomass?? Or irrigation?,1
biomass,biomassGrass_ItalyCstE,Water Withdrawal,NoReported,??elec|biomass?? Or irrigation?,1
biomass,biomassGrass_ItalyCstW,Water Withdrawal,NoReported,??elec|biomass?? Or irrigation?,1
biomass,biomassGrass_LoireR,Water Withdrawal,NoReported,??elec|biomass?? Or irrigation?,1
biomass,biomassGrass_MeditIsl,Water Withdrawal,NoReported,??elec|biomass?? Or irrigation?,1
biomass,biomassGrass_NevaR,Water Withdrawal,NoReported,??elec|biomass?? Or irrigation?,1
biomass,biomassGrass_PoR,Water Withdrawal,NoReported,??elec|biomass?? Or irrigation?,1
biomass,biomassGrass_RhineR,Water Withdrawal,NoReported,??elec|biomass?? Or irrigation?,1
biomass,biomassGrass_RhoneR,Water Withdrawal,NoReported,??elec|biomass?? Or irrigation?,1
biomass,biomassGrass_ScheldtR,Water Withdrawal,NoReported,??elec|biomass?? Or irrigation?,1
biomass,biomassGrass_Scotland,Water Withdrawal,NoReported,??elec|biomass?? Or irrigation?,1
biomass,biomassGrass_SeineR,Water Withdrawal,NoReported,??elec|biomass?? Or irrigation?,1
biomass,biomassGrass_SpainCstSE,Water Withdrawal,NoReported,??elec|biomass?? Or irrigation?,1
biomass,biomassGrass_Sweden,Water Withdrawal,NoReported,??elec|biomass?? Or irrigation?,1
biomass,biomassGrass_TagusR,Water Withdrawal,NoReported,??elec|biomass?? Or irrigation?,1
biomass,biomassGrass_TiberR,Water Withdrawal,NoReported,??elec|biomass?? Or irrigation?,1
biomass,biomassTree_DouroR,Water Withdrawal,NoReported,??elec|biomass?? Or irrigation?,1
biomass,biomassTree_EbroR,Water Withdrawal,NoReported,??elec|biomass?? Or irrigation?,1
biomass,biomassTree_EmsWeserR,Water Withdrawal,NoReported,??elec|biomass?? Or irrigation?,1
biomass,biomassTree_EngWales,Water Withdrawal,NoReported,??elec|biomass?? Or irrigation?,1
biomass,biomassTree_Finland,Water Withdrawal,NoReported,??elec|biomass?? Or irrigation?,1
biomass,biomassTree_FranceCstS,Water Withdrawal,NoReported,??elec|biomass?? Or irrigation?,1
biomass,biomassTree_FranceCstW,Water Withdrawal,NoReported,??elec|biomass?? Or irrigation?,1
biomass,biomassTree_Gironde,Water Withdrawal,NoReported,??elec|biomass?? Or irrigation?,1
biomass,biomassTree_GuadalqR,Water Withdrawal,NoReported,??elec|biomass?? Or irrigation?,1
biomass,biomassTree_GuadianaR,Water Withdrawal,NoReported,??elec|biomass?? Or irrigation?,1
biomass,biomassTree_IberiaCst,Water Withdrawal,NoReported,??elec|biomass?? Or irrigation?,1
biomass,biomassTree_Ireland,Water Withdrawal,NoReported,??elec|biomass?? Or irrigation?,1
biomass,biomassTree_ItalyCstE,Water Withdrawal,NoReported,??elec|biomass?? Or irrigation?,1
biomass,biomassTree_ItalyCstW,Water Withdrawal,NoReported,??elec|biomass?? Or irrigation?,1
biomass,biomassTree_LoireR,Water Withdrawal,NoReported,??elec|biomass?? Or irrigation?,1
biomass,biomassTree_MeditIsl,Water Withdrawal,NoReported,??elec|biomass?? Or irrigation?,1
biomass,biomassTree_NevaR,Water Withdrawal,NoReported,??elec|biomass?? Or irrigation?,1
biomass,biomassTree_PoR,Water Withdrawal,NoReported,??elec|biomass?? Or irrigation?,1
biomass,biomassTree_RhineR,Water Withdrawal,NoReported,??elec|biomass?? Or irrigation?,1
biomass,biomassTree_RhoneR,Water Withdrawal,NoReported,??elec|biomass?? Or irrigation?,1
biomass,biomassTree_ScheldtR,Water Withdrawal,NoReported,??elec|biomass?? Or irrigation?,1
biomass,biomassTree_Scotland,Water Withdrawal,NoReported,??elec|biomass?? Or irrigation?,1
biomass,biomassTree_SeineR,Water Withdrawal,NoReported,??elec|biomass?? Or irrigation?,1
biomass,biomassTree_SpainCstSE,Water Withdrawal,NoReported,??elec|biomass?? Or irrigation?,1
biomass,biomassTree_Sweden,Water Withdrawal,NoReported,??elec|biomass?? Or irrigation?,1
biomass,biomassTree_TagusR,Water Withdrawal,NoReported,??elec|biomass?? Or irrigation?,1
biomass,biomassTree_TiberR,Water Withdrawal,NoReported,??elec|biomass?? Or irrigation?,1
biomass,biomassGrass_BlackSeaN,Water Withdrawal,NoReported,??elec|biomass?? Or irrigation?,1
biomass,biomassGrass_DnieperR,Water Withdrawal,NoReported,??elec|biomass?? Or irrigation?,1
biomass,biomassGrass_DonR,Water Withdrawal,NoReported,??elec|biomass?? Or irrigation?,1
biomass,biomassTree_BlackSeaN,Water Withdrawal,NoReported,??elec|biomass?? Or irrigation?,1
biomass,biomassTree_DnieperR,Water Withdrawal,NoReported,??elec|biomass?? Or irrigation?,1
biomass,biomassTree_DonR,Water Withdrawal,NoReported,??elec|biomass?? Or irrigation?,1
biomass,biomassGrass_EJrdnSyr,Water Withdrawal,NoReported,??elec|biomass?? Or irrigation?,1
biomass,biomassGrass_TigrEuphR,Water Withdrawal,NoReported,??elec|biomass?? Or irrigation?,1
biomass,biomassTree_TigrEuphR,Water Withdrawal,NoReported,??elec|biomass?? Or irrigation?,1
biomass,biomassGrass_ScndnvN,Water Withdrawal,NoReported,??elec|biomass?? Or irrigation?,1
biomass,biomassTree_ScndnvN,Water Withdrawal,NoReported,??elec|biomass?? Or irrigation?,1
biomass,biomassGrass_BengalBay,Water Withdrawal,NoReported,??elec|biomass?? Or irrigation?,1
biomass,biomassGrass_BengalW,Water Withdrawal,NoReported,??elec|biomass?? Or irrigation?,1
biomass,biomassGrass_BrahmaniR,Water Withdrawal,NoReported,??elec|biomass?? Or irrigation?,1
biomass,biomassGrass_CauveryR,Water Withdrawal,NoReported,??elec|biomass?? Or irrigation?,1
biomass,biomassGrass_GodavariR,Water Withdrawal,NoReported,??elec|biomass?? Or irrigation?,1
biomass,biomassGrass_IndCstE,Water Withdrawal,NoReported,??elec|biomass?? Or irrigation?,1
biomass,biomassGrass_IndCstNE,Water Withdrawal,NoReported,??elec|biomass?? Or irrigation?,1
biomass,biomassGrass_IndCstS,Water Withdrawal,NoReported,??elec|biomass?? Or irrigation?,1
biomass,biomassGrass_IndCstW,Water Withdrawal,NoReported,??elec|biomass?? Or irrigation?,1
biomass,biomassGrass_KrishnaR,Water Withdrawal,NoReported,??elec|biomass?? Or irrigation?,1
biomass,biomassGrass_MahanadiR,Water Withdrawal,NoReported,??elec|biomass?? Or irrigation?,1
biomass,biomassGrass_MahiR,Water Withdrawal,NoReported,??elec|biomass?? Or irrigation?,1
biomass,biomassGrass_NarmadaR,Water Withdrawal,NoReported,??elec|biomass?? Or irrigation?,1
biomass,biomassGrass_PennarR,Water Withdrawal,NoReported,??elec|biomass?? Or irrigation?,1
biomass,biomassGrass_SabarmatiR,Water Withdrawal,NoReported,??elec|biomass?? Or irrigation?,1
biomass,biomassGrass_TaptiR,Water Withdrawal,NoReported,??elec|biomass?? Or irrigation?,1
biomass,biomassTree_BengalBay,Water Withdrawal,NoReported,??elec|biomass?? Or irrigation?,1
biomass,biomassTree_BengalW,Water Withdrawal,NoReported,??elec|biomass?? Or irrigation?,1
biomass,biomassTree_BrahmaniR,Water Withdrawal,NoReported,??elec|biomass?? Or irrigation?,1
biomass,biomassTree_CauveryR,Water Withdrawal,NoReported,??elec|biomass?? Or irrigation?,1
biomass,biomassTree_GodavariR,Water Withdrawal,NoReported,??elec|biomass?? Or irrigation?,1
biomass,biomassTree_IndCstE,Water Withdrawal,NoReported,??elec|biomass?? Or irrigation?,1
biomass,biomassTree_IndCstNE,Water Withdrawal,NoReported,??elec|biomass?? Or irrigation?,1
biomass,biomassTree_IndCstS,Water Withdrawal,NoReported,??elec|biomass?? Or irrigation?,1
biomass,biomassTree_IndCstW,Water Withdrawal,NoReported,??elec|biomass?? Or irrigation?,1
biomass,biomassTree_IndusR,Water Withdrawal,NoReported,??elec|biomass?? Or irrigation?,1
biomass,biomassTree_KrishnaR,Water Withdrawal,NoReported,??elec|biomass?? Or irrigation?,1
biomass,biomassTree_MahanadiR,Water Withdrawal,NoReported,??elec|biomass?? Or irrigation?,1
biomass,biomassTree_MahiR,Water Withdrawal,NoReported,??elec|biomass?? Or irrigation?,1
biomass,biomassTree_NarmadaR,Water Withdrawal,NoReported,??elec|biomass?? Or irrigation?,1
biomass,biomassTree_PennarR,Water Withdrawal,NoReported,??elec|biomass?? Or irrigation?,1
biomass,biomassTree_SabarmatiR,Water Withdrawal,NoReported,??elec|biomass?? Or irrigation?,1
biomass,biomassTree_TaptiR,Water Withdrawal,NoReported,??elec|biomass?? Or irrigation?,1
biomass,biomassGrass_BorneoCstN,Water Withdrawal,NoReported,??elec|biomass?? Or irrigation?,1
biomass,biomassGrass_IdnE,Water Withdrawal,NoReported,??elec|biomass?? Or irrigation?,1
biomass,biomassGrass_IrianJaya,Water Withdrawal,NoReported,??elec|biomass?? Or irrigation?,1
biomass,biomassGrass_JavaTimor,Water Withdrawal,NoReported,??elec|biomass?? Or irrigation?,1
biomass,biomassGrass_Kalimantan,Water Withdrawal,NoReported,??elec|biomass?? Or irrigation?,1
biomass,biomassGrass_Sulawesi,Water Withdrawal,NoReported,??elec|biomass?? Or irrigation?,1
biomass,biomassGrass_Sumatra,Water Withdrawal,NoReported,??elec|biomass?? Or irrigation?,1
biomass,biomassTree_BorneoCstN,Water Withdrawal,NoReported,??elec|biomass?? Or irrigation?,1
biomass,biomassTree_IdnE,Water Withdrawal,NoReported,??elec|biomass?? Or irrigation?,1
biomass,biomassTree_IrianJaya,Water Withdrawal,NoReported,??elec|biomass?? Or irrigation?,1
biomass,biomassTree_JavaTimor,Water Withdrawal,NoReported,??elec|biomass?? Or irrigation?,1
biomass,biomassTree_Kalimantan,Water Withdrawal,NoReported,??elec|biomass?? Or irrigation?,1
biomass,biomassTree_Sulawesi,Water Withdrawal,NoReported,??elec|biomass?? Or irrigation?,1
biomass,biomassTree_Sumatra,Water Withdrawal,NoReported,??elec|biomass?? Or irrigation?,1
biomass,biomassGrass_Japan,Water Withdrawal,NoReported,??elec|biomass?? Or irrigation?,1
biomass,biomassGrass_Taiwan,Water Withdrawal,NoReported,??elec|biomass?? Or irrigation?,1
biomass,biomassTree_Japan,Water Withdrawal,NoReported,??elec|biomass?? Or irrigation?,1
biomass,biomassTree_Taiwan,Water Withdrawal,NoReported,??elec|biomass?? Or irrigation?,1
biomass,biomassGrass_California,Water Withdrawal,NoReported,??elec|biomass?? Or irrigation?,1
biomass,biomassGrass_MexBaja,Water Withdrawal,NoReported,??elec|biomass?? Or irrigation?,1
biomass,biomassGrass_MexCstNW,Water Withdrawal,NoReported,??elec|biomass?? Or irrigation?,1
biomass,biomassGrass_MexCstW,Water Withdrawal,NoReported,??elec|biomass?? Or irrigation?,1
biomass,biomassGrass_MexGulf,Water Withdrawal,NoReported,??elec|biomass?? Or irrigation?,1
biomass,biomassGrass_MexInt,Water Withdrawal,NoReported,??elec|biomass?? Or irrigation?,1
biomass,biomassGrass_Papaloapan,Water Withdrawal,NoReported,??elec|biomass?? Or irrigation?,1
biomass,biomassGrass_RioBalsas,Water Withdrawal,NoReported,??elec|biomass?? Or irrigation?,1
biomass,biomassGrass_RioGrande,Water Withdrawal,NoReported,??elec|biomass?? Or irrigation?,1
biomass,biomassGrass_RioLerma,Water Withdrawal,NoReported,??elec|biomass?? Or irrigation?,1
biomass,biomassGrass_RioVerde,Water Withdrawal,NoReported,??elec|biomass?? Or irrigation?,1
biomass,biomassGrass_Tehuantpc,Water Withdrawal,NoReported,??elec|biomass?? Or irrigation?,1
biomass,biomassGrass_UsaColoRS,Water Withdrawal,NoReported,??elec|biomass?? Or irrigation?,1
biomass,biomassTree_California,Water Withdrawal,NoReported,??elec|biomass?? Or irrigation?,1
biomass,biomassTree_MexBaja,Water Withdrawal,NoReported,??elec|biomass?? Or irrigation?,1
biomass,biomassTree_MexCstNW,Water Withdrawal,NoReported,??elec|biomass?? Or irrigation?,1
biomass,biomassTree_MexCstW,Water Withdrawal,NoReported,??elec|biomass?? Or irrigation?,1
biomass,biomassTree_MexGulf,Water Withdrawal,NoReported,??elec|biomass?? Or irrigation?,1
biomass,biomassTree_MexInt,Water Withdrawal,NoReported,??elec|biomass?? Or irrigation?,1
biomass,biomassTree_Papaloapan,Water Withdrawal,NoReported,??elec|biomass?? Or irrigation?,1
biomass,biomassTree_RioBalsas,Water Withdrawal,NoReported,??elec|biomass?? Or irrigation?,1
biomass,biomassTree_RioGrande,Water Withdrawal,NoReported,??elec|biomass?? Or irrigation?,1
biomass,biomassTree_RioLerma,Water Withdrawal,NoReported,??elec|biomass?? Or irrigation?,1
biomass,biomassTree_RioVerde,Water Withdrawal,NoReported,??elec|biomass?? Or irrigation?,1
biomass,biomassTree_Tehuantpc,Water Withdrawal,NoReported,??elec|biomass?? Or irrigation?,1
biomass,biomassTree_UsaColoRS,Water Withdrawal,NoReported,??elec|biomass?? Or irrigation?,1
biomass,biomassGrass_ArabianP,Water Withdrawal,NoReported,??elec|biomass?? Or irrigation?,1
biomass,biomassGrass_ArabianSea,Water Withdrawal,NoReported,??elec|biomass?? Or irrigation?,1
biomass,biomassGrass_DeadSea,Water Withdrawal,NoReported,??elec|biomass?? Or irrigation?,1
biomass,biomassGrass_FarahrudR,Water Withdrawal,NoReported,??elec|biomass?? Or irrigation?,1
biomass,biomassGrass_HamuMashR,Water Withdrawal,NoReported,??elec|biomass?? Or irrigation?,1
biomass,biomassGrass_Helmand,Water Withdrawal,NoReported,??elec|biomass?? Or irrigation?,1
biomass,biomassGrass_Iran,Water Withdrawal,NoReported,??elec|biomass?? Or irrigation?,1
biomass,biomassGrass_PersianGulf,Water Withdrawal,NoReported,??elec|biomass?? Or irrigation?,1
biomass,biomassGrass_RedSeaE,Water Withdrawal,NoReported,??elec|biomass?? Or irrigation?,1
biomass,biomassTree_CaspianE,Water Withdrawal,NoReported,??elec|biomass?? Or irrigation?,1
biomass,biomassTree_Iran,Water Withdrawal,NoReported,??elec|biomass?? Or irrigation?,1
biomass,biomassGrass_BarentsSea,Water Withdrawal,NoReported,??elec|biomass?? Or irrigation?,1
biomass,biomassGrass_DvinaRN,Water Withdrawal,NoReported,??elec|biomass?? Or irrigation?,1
biomass,biomassGrass_LenaR,Water Withdrawal,NoReported,??elec|biomass?? Or irrigation?,1
biomass,biomassGrass_SiberiaW,Water Withdrawal,NoReported,??elec|biomass?? Or irrigation?,1
biomass,biomassTree_BarentsSea,Water Withdrawal,NoReported,??elec|biomass?? Or irrigation?,1
biomass,biomassTree_DvinaRN,Water Withdrawal,NoReported,??elec|biomass?? Or irrigation?,1
biomass,biomassTree_LenaR,Water Withdrawal,NoReported,??elec|biomass?? Or irrigation?,1
biomass,biomassTree_SiberiaW,Water Withdrawal,NoReported,??elec|biomass?? Or irrigation?,1
biomass,biomassTree_UralR,Water Withdrawal,NoReported,??elec|biomass?? Or irrigation?,1
biomass,biomassGrass_AfrCstSSW,Water Withdrawal,NoReported,??elec|biomass?? Or irrigation?,1
biomass,biomassTree_AfrCstSSW,Water Withdrawal,NoReported,??elec|biomass?? Or irrigation?,1
biomass,biomassTree_OrangeR,Water Withdrawal,NoReported,??elec|biomass?? Or irrigation?,1
biomass,biomassGrass_SAmerCstNE,Water Withdrawal,NoReported,??elec|biomass?? Or irrigation?,1
biomass,biomassTree_SAmerCstNE,Water Withdrawal,NoReported,??elec|biomass?? Or irrigation?,1
biomass,biomassGrass_ChileCstN,Water Withdrawal,NoReported,??elec|biomass?? Or irrigation?,1
biomass,biomassGrass_PeruCst,Water Withdrawal,NoReported,??elec|biomass?? Or irrigation?,1
biomass,biomassTree_ChileCstN,Water Withdrawal,NoReported,??elec|biomass?? Or irrigation?,1
biomass,biomassTree_LaPuna,Water Withdrawal,NoReported,??elec|biomass?? Or irrigation?,1
biomass,biomassTree_PeruCst,Water Withdrawal,NoReported,??elec|biomass?? Or irrigation?,1
biomass,biomassGrass_SriLanka,Water Withdrawal,NoReported,??elec|biomass?? Or irrigation?,1
biomass,biomassTree_AmuDaryaR,Water Withdrawal,NoReported,??elec|biomass?? Or irrigation?,1
biomass,biomassTree_SriLanka,Water Withdrawal,NoReported,??elec|biomass?? Or irrigation?,1
biomass,biomassGrass_Korea,Water Withdrawal,NoReported,??elec|biomass?? Or irrigation?,1
biomass,biomassTree_Korea,Water Withdrawal,NoReported,??elec|biomass?? Or irrigation?,1
biomass,biomassGrass_ChaoPhrR,Water Withdrawal,NoReported,??elec|biomass?? Or irrigation?,1
biomass,biomassGrass_MalaysiaP,Water Withdrawal,NoReported,??elec|biomass?? Or irrigation?,1
biomass,biomassGrass_Phlppns,Water Withdrawal,NoReported,??elec|biomass?? Or irrigation?,1
biomass,biomassGrass_SittaungR,Water Withdrawal,NoReported,??elec|biomass?? Or irrigation?,1
biomass,biomassGrass_ThaiGulf,Water Withdrawal,NoReported,??elec|biomass?? Or irrigation?,1
biomass,biomassGrass_VietnamCst,Water Withdrawal,NoReported,??elec|biomass?? Or irrigation?,1
biomass,biomassTree_ChaoPhrR,Water Withdrawal,NoReported,??elec|biomass?? Or irrigation?,1
biomass,biomassTree_MalaysiaP,Water Withdrawal,NoReported,??elec|biomass?? Or irrigation?,1
biomass,biomassTree_Phlppns,Water Withdrawal,NoReported,??elec|biomass?? Or irrigation?,1
biomass,biomassTree_SittaungR,Water Withdrawal,NoReported,??elec|biomass?? Or irrigation?,1
biomass,biomassTree_ThaiGulf,Water Withdrawal,NoReported,??elec|biomass?? Or irrigation?,1
biomass,biomassTree_VietnamCst,Water Withdrawal,NoReported,??elec|biomass?? Or irrigation?,1
biomass,biomassGrass_ArkWhtRedR,Water Withdrawal,NoReported,??elec|biomass?? Or irrigation?,1
biomass,biomassGrass_GreatBasin,Water Withdrawal,NoReported,??elec|biomass?? Or irrigation?,1
biomass,biomassGrass_MissppRN,Water Withdrawal,NoReported,??elec|biomass?? Or irrigation?,1
biomass,biomassGrass_MissppRS,Water Withdrawal,NoReported,??elec|biomass?? Or irrigation?,1
biomass,biomassGrass_OhioR,Water Withdrawal,NoReported,??elec|biomass?? Or irrigation?,1
biomass,biomassGrass_TennR,Water Withdrawal,NoReported,??elec|biomass?? Or irrigation?,1
biomass,biomassGrass_TexasCst,Water Withdrawal,NoReported,??elec|biomass?? Or irrigation?,1
biomass,biomassGrass_UsaColoRN,Water Withdrawal,NoReported,??elec|biomass?? Or irrigation?,1
biomass,biomassGrass_UsaCstE,Water Withdrawal,NoReported,??elec|biomass?? Or irrigation?,1
biomass,biomassGrass_UsaCstSE,Water Withdrawal,NoReported,??elec|biomass?? Or irrigation?,1
biomass,biomassTree_ArkWhtRedR,Water Withdrawal,NoReported,??elec|biomass?? Or irrigation?,1
biomass,biomassTree_GreatBasin,Water Withdrawal,NoReported,??elec|biomass?? Or irrigation?,1
biomass,biomassTree_MissppRN,Water Withdrawal,NoReported,??elec|biomass?? Or irrigation?,1
biomass,biomassTree_MissppRS,Water Withdrawal,NoReported,??elec|biomass?? Or irrigation?,1
biomass,biomassTree_OhioR,Water Withdrawal,NoReported,??elec|biomass?? Or irrigation?,1
biomass,biomassTree_TennR,Water Withdrawal,NoReported,??elec|biomass?? Or irrigation?,1
biomass,biomassTree_TexasCst,Water Withdrawal,NoReported,??elec|biomass?? Or irrigation?,1
biomass,biomassTree_UsaColoRN,Water Withdrawal,NoReported,??elec|biomass?? Or irrigation?,1
biomass,biomassTree_UsaCstE,Water Withdrawal,NoReported,??elec|biomass?? Or irrigation?,1
biomass,biomassTree_UsaCstSE,Water Withdrawal,NoReported,??elec|biomass?? Or irrigation?,1
Corn,CornC4_AfrCstE,Water Withdrawal,Water Withdrawal|Irrigation,,1
Corn,CornC4_AfrCstNE,Water Withdrawal,Water Withdrawal|Irrigation,,1
Corn,CornC4_LChad,Water Withdrawal,Water Withdrawal|Irrigation,,1
Corn,CornC4_NileR,Water Withdrawal,Water Withdrawal|Irrigation,,1
Corn,CornC4_RiftValley,Water Withdrawal,Water Withdrawal|Irrigation,,1
Corn,CornC4_ShebJubR,Water Withdrawal,Water Withdrawal|Irrigation,,1
Corn,CornC4_AfrCstNW,Water Withdrawal,Water Withdrawal|Irrigation,,1
Corn,CornC4_AfrIntN,Water Withdrawal,Water Withdrawal|Irrigation,,1
Corn,CornC4_MeditE,Water Withdrawal,Water Withdrawal|Irrigation,,1
Corn,CornC4_MeditS,Water Withdrawal,Water Withdrawal|Irrigation,,1
Corn,CornC4_SinaiP,Water Withdrawal,Water Withdrawal|Irrigation,,1
Corn,CornC4_AfrCstS,Water Withdrawal,Water Withdrawal|Irrigation,,1
Corn,CornC4_AfrCstSE,Water Withdrawal,Water Withdrawal|Irrigation,,1
Corn,CornC4_AfrCstSW,Water Withdrawal,Water Withdrawal|Irrigation,,1
Corn,CornC4_AfrIntS,Water Withdrawal,Water Withdrawal|Irrigation,,1
Corn,CornC4_CongoR,Water Withdrawal,Water Withdrawal|Irrigation,,1
Corn,CornC4_LimpopoR,Water Withdrawal,Water Withdrawal|Irrigation,,1
Corn,CornC4_OrangeR,Water Withdrawal,Water Withdrawal|Irrigation,,1
Corn,CornC4_ZambeziR,Water Withdrawal,Water Withdrawal|Irrigation,,1
Corn,CornC4_AfrCstW,Water Withdrawal,Water Withdrawal|Irrigation,,1
Corn,CornC4_GuineaGulf,Water Withdrawal,Water Withdrawal|Irrigation,,1
Corn,CornC4_NigerR,Water Withdrawal,Water Withdrawal|Irrigation,,1
Corn,CornC4_SenegalR,Water Withdrawal,Water Withdrawal|Irrigation,,1
Corn,CornC4_VoltaR,Water Withdrawal,Water Withdrawal|Irrigation,,1
Corn,CornC4_ArgColoR,Water Withdrawal,Water Withdrawal|Irrigation,,1
Corn,CornC4_ArgCstN,Water Withdrawal,Water Withdrawal|Irrigation,,1
Corn,CornC4_ChileCstS,Water Withdrawal,Water Withdrawal|Irrigation,,1
Corn,CornC4_MarChiq,Water Withdrawal,Water Withdrawal|Irrigation,,1
Corn,CornC4_NegroR,Water Withdrawal,Water Withdrawal|Irrigation,,1
Corn,CornC4_Pampas,Water Withdrawal,Water Withdrawal|Irrigation,,1
Corn,CornC4_RioLaPlata,Water Withdrawal,Water Withdrawal|Irrigation,,1
Corn,CornC4_Salinas,Water Withdrawal,Water Withdrawal|Irrigation,,1
Corn,CornC4_AusCstE,Water Withdrawal,Water Withdrawal|Irrigation,,1
Corn,CornC4_AusCstN,Water Withdrawal,Water Withdrawal|Irrigation,,1
Corn,CornC4_MurrayDrlg,Water Withdrawal,Water Withdrawal|Irrigation,,1
Corn,CornC4_NewZealand,Water Withdrawal,Water Withdrawal|Irrigation,,1
Corn,CornC4_AmazonR,Water Withdrawal,Water Withdrawal|Irrigation,,1
Corn,CornC4_BrzCstE,Water Withdrawal,Water Withdrawal|Irrigation,,1
Corn,CornC4_BrzCstN,Water Withdrawal,Water Withdrawal|Irrigation,,1
Corn,CornC4_BrzCstS,Water Withdrawal,Water Withdrawal|Irrigation,,1
Corn,CornC4_ParnaibaR,Water Withdrawal,Water Withdrawal|Irrigation,,1
Corn,CornC4_SaoFrancR,Water Withdrawal,Water Withdrawal|Irrigation,,1
Corn,CornC4_TocantinsR,Water Withdrawal,Water Withdrawal|Irrigation,,1
Corn,CornC4_CanAtl,Water Withdrawal,Water Withdrawal|Irrigation,,1
Corn,CornC4_FraserR,Water Withdrawal,Water Withdrawal|Irrigation,,1
Corn,CornC4_GreatLakes,Water Withdrawal,Water Withdrawal|Irrigation,,1
Corn,CornC4_MissouriR,Water Withdrawal,Water Withdrawal|Irrigation,,1
Corn,CornC4_NelsonR,Water Withdrawal,Water Withdrawal|Irrigation,,1
Corn,CornC4_StLwrncR,Water Withdrawal,Water Withdrawal|Irrigation,,1
Corn,CornC4_UsaCstNE,Water Withdrawal,Water Withdrawal|Irrigation,,1
Corn,CornC4_UsaPacNW,Water Withdrawal,Water Withdrawal|Irrigation,,1
Corn,CornC4_Caribbean,Water Withdrawal,Water Withdrawal|Irrigation,,1
Corn,CornC4_CntAmer,Water Withdrawal,Water Withdrawal|Irrigation,,1
Corn,CornC4_GrijUsuR,Water Withdrawal,Water Withdrawal|Irrigation,,1
Corn,CornC4_YucatanP,Water Withdrawal,Water Withdrawal|Irrigation,,1
Corn,CornC4_AmuDaryaR,Water Withdrawal,Water Withdrawal|Irrigation,,1
Corn,CornC4_BlackSeaS,Water Withdrawal,Water Withdrawal|Irrigation,,1
Corn,CornC4_CaspianE,Water Withdrawal,Water Withdrawal|Irrigation,,1
Corn,CornC4_CaspianNE,Water Withdrawal,Water Withdrawal|Irrigation,,1
Corn,CornC4_CaspianSW,Water Withdrawal,Water Withdrawal|Irrigation,,1
Corn,CornC4_Gobi,Water Withdrawal,Water Withdrawal|Irrigation,,1
Corn,CornC4_LBalkash,Water Withdrawal,Water Withdrawal|Irrigation,,1
Corn,CornC4_ObR,Water Withdrawal,Water Withdrawal|Irrigation,,1
Corn,CornC4_SyrDaryaR,Water Withdrawal,Water Withdrawal|Irrigation,,1
Corn,CornC4_UralR,Water Withdrawal,Water Withdrawal|Irrigation,,1
Corn,CornC4_VolgaR,Water Withdrawal,Water Withdrawal|Irrigation,,1
Corn,CornC4_AmurR,Water Withdrawal,Water Withdrawal|Irrigation,,1
Corn,CornC4_BoHai,Water Withdrawal,Water Withdrawal|Irrigation,,1
Corn,CornC4_ChinaCst,Water Withdrawal,Water Withdrawal|Irrigation,,1
Corn,CornC4_GangesR,Water Withdrawal,Water Withdrawal|Irrigation,,1
Corn,CornC4_Hainan,Water Withdrawal,Water Withdrawal|Irrigation,,1
Corn,CornC4_Hong,Water Withdrawal,Water Withdrawal|Irrigation,,1
Corn,CornC4_HuangHeR,Water Withdrawal,Water Withdrawal|Irrigation,,1
Corn,CornC4_IndusR,Water Withdrawal,Water Withdrawal|Irrigation,,1
Corn,CornC4_IrrawaddyR,Water Withdrawal,Water Withdrawal|Irrigation,,1
Corn,CornC4_Mekong,Water Withdrawal,Water Withdrawal|Irrigation,,1
Corn,CornC4_RusCstSE,Water Withdrawal,Water Withdrawal|Irrigation,,1
Corn,CornC4_SChinaSea,Water Withdrawal,Water Withdrawal|Irrigation,,1
Corn,CornC4_Salween,Water Withdrawal,Water Withdrawal|Irrigation,,1
Corn,CornC4_Tarim,Water Withdrawal,Water Withdrawal|Irrigation,,1
Corn,CornC4_XunJiang,Water Withdrawal,Water Withdrawal|Irrigation,,1
Corn,CornC4_Yangtze,Water Withdrawal,Water Withdrawal|Irrigation,,1
Corn,CornC4_ZiyaHe,Water Withdrawal,Water Withdrawal|Irrigation,,1
Corn,CornC4_ColEcuaCst,Water Withdrawal,Water Withdrawal|Irrigation,,1
Corn,CornC4_MagdalenaR,Water Withdrawal,Water Withdrawal|Irrigation,,1
Corn,CornC4_OrinocoR,Water Withdrawal,Water Withdrawal|Irrigation,,1
Corn,CornC4_SAmerCstN,Water Withdrawal,Water Withdrawal|Irrigation,,1
Corn,CornC4_AdrBlkSea,Water Withdrawal,Water Withdrawal|Irrigation,,1
Corn,CornC4_DanubeR,Water Withdrawal,Water Withdrawal|Irrigation,,1
Corn,CornC4_DnkGrmCst,Water Withdrawal,Water Withdrawal|Irrigation,,1
Corn,CornC4_ElbeR,Water Withdrawal,Water Withdrawal|Irrigation,,1
Corn,CornC4_NemanR,Water Withdrawal,Water Withdrawal|Irrigation,,1
Corn,CornC4_OderR,Water Withdrawal,Water Withdrawal|Irrigation,,1
Corn,CornC4_PolandCst,Water Withdrawal,Water Withdrawal|Irrigation,,1
Corn,CornC4_WislaR,Water Withdrawal,Water Withdrawal|Irrigation,,1
Corn,CornC4_DouroR,Water Withdrawal,Water Withdrawal|Irrigation,,1
Corn,CornC4_EbroR,Water Withdrawal,Water Withdrawal|Irrigation,,1
Corn,CornC4_EmsWeserR,Water Withdrawal,Water Withdrawal|Irrigation,,1
Corn,CornC4_FranceCstS,Water Withdrawal,Water Withdrawal|Irrigation,,1
Corn,CornC4_FranceCstW,Water Withdrawal,Water Withdrawal|Irrigation,,1
Corn,CornC4_Gironde,Water Withdrawal,Water Withdrawal|Irrigation,,1
Corn,CornC4_GuadalqR,Water Withdrawal,Water Withdrawal|Irrigation,,1
Corn,CornC4_GuadianaR,Water Withdrawal,Water Withdrawal|Irrigation,,1
Corn,CornC4_IberiaCst,Water Withdrawal,Water Withdrawal|Irrigation,,1
Corn,CornC4_ItalyCstE,Water Withdrawal,Water Withdrawal|Irrigation,,1
Corn,CornC4_ItalyCstW,Water Withdrawal,Water Withdrawal|Irrigation,,1
Corn,CornC4_LoireR,Water Withdrawal,Water Withdrawal|Irrigation,,1
Corn,CornC4_MeditIsl,Water Withdrawal,Water Withdrawal|Irrigation,,1
Corn,CornC4_PoR,Water Withdrawal,Water Withdrawal|Irrigation,,1
Corn,CornC4_RhineR,Water Withdrawal,Water Withdrawal|Irrigation,,1
Corn,CornC4_RhoneR,Water Withdrawal,Water Withdrawal|Irrigation,,1
Corn,CornC4_ScheldtR,Water Withdrawal,Water Withdrawal|Irrigation,,1
Corn,CornC4_SeineR,Water Withdrawal,Water Withdrawal|Irrigation,,1
Corn,CornC4_SpainCstSE,Water Withdrawal,Water Withdrawal|Irrigation,,1
Corn,CornC4_TagusR,Water Withdrawal,Water Withdrawal|Irrigation,,1
Corn,CornC4_TiberR,Water Withdrawal,Water Withdrawal|Irrigation,,1
Corn,CornC4_BlackSeaN,Water Withdrawal,Water Withdrawal|Irrigation,,1
Corn,CornC4_DaugavaR,Water Withdrawal,Water Withdrawal|Irrigation,,1
Corn,CornC4_DnieperR,Water Withdrawal,Water Withdrawal|Irrigation,,1
Corn,CornC4_DniesterR,Water Withdrawal,Water Withdrawal|Irrigation,,1
Corn,CornC4_DonR,Water Withdrawal,Water Withdrawal|Irrigation,,1
Corn,CornC4_EJrdnSyr,Water Withdrawal,Water Withdrawal|Irrigation,,1
Corn,CornC4_TigrEuphR,Water Withdrawal,Water Withdrawal|Irrigation,,1
Corn,CornC4_BengalW,Water Withdrawal,Water Withdrawal|Irrigation,,1
Corn,CornC4_BrahmaniR,Water Withdrawal,Water Withdrawal|Irrigation,,1
Corn,CornC4_CauveryR,Water Withdrawal,Water Withdrawal|Irrigation,,1
Corn,CornC4_GodavariR,Water Withdrawal,Water Withdrawal|Irrigation,,1
Corn,CornC4_IndCstE,Water Withdrawal,Water Withdrawal|Irrigation,,1
Corn,CornC4_IndCstNE,Water Withdrawal,Water Withdrawal|Irrigation,,1
Corn,CornC4_IndCstS,Water Withdrawal,Water Withdrawal|Irrigation,,1
Corn,CornC4_IndCstW,Water Withdrawal,Water Withdrawal|Irrigation,,1
Corn,CornC4_KrishnaR,Water Withdrawal,Water Withdrawal|Irrigation,,1
Corn,CornC4_MahanadiR,Water Withdrawal,Water Withdrawal|Irrigation,,1
Corn,CornC4_MahiR,Water Withdrawal,Water Withdrawal|Irrigation,,1
Corn,CornC4_NarmadaR,Water Withdrawal,Water Withdrawal|Irrigation,,1
Corn,CornC4_PennarR,Water Withdrawal,Water Withdrawal|Irrigation,,1
Corn,CornC4_SabarmatiR,Water Withdrawal,Water Withdrawal|Irrigation,,1
Corn,CornC4_TaptiR,Water Withdrawal,Water Withdrawal|Irrigation,,1
Corn,CornC4_IdnE,Water Withdrawal,Water Withdrawal|Irrigation,,1
Corn,CornC4_JavaTimor,Water Withdrawal,Water Withdrawal|Irrigation,,1
Corn,CornC4_Kalimantan,Water Withdrawal,Water Withdrawal|Irrigation,,1
Corn,CornC4_Sulawesi,Water Withdrawal,Water Withdrawal|Irrigation,,1
Corn,CornC4_Sumatra,Water Withdrawal,Water Withdrawal|Irrigation,,1
Corn,CornC4_Japan,Water Withdrawal,Water Withdrawal|Irrigation,,1
Corn,CornC4_California,Water Withdrawal,Water Withdrawal|Irrigation,,1
Corn,CornC4_MexBaja,Water Withdrawal,Water Withdrawal|Irrigation,,1
Corn,CornC4_MexCstNW,Water Withdrawal,Water Withdrawal|Irrigation,,1
Corn,CornC4_MexCstW,Water Withdrawal,Water Withdrawal|Irrigation,,1
Corn,CornC4_MexGulf,Water Withdrawal,Water Withdrawal|Irrigation,,1
Corn,CornC4_MexInt,Water Withdrawal,Water Withdrawal|Irrigation,,1
Corn,CornC4_Papaloapan,Water Withdrawal,Water Withdrawal|Irrigation,,1
Corn,CornC4_RioBalsas,Water Withdrawal,Water Withdrawal|Irrigation,,1
Corn,CornC4_RioGrande,Water Withdrawal,Water Withdrawal|Irrigation,,1
Corn,CornC4_RioLerma,Water Withdrawal,Water Withdrawal|Irrigation,,1
Corn,CornC4_RioVerde,Water Withdrawal,Water Withdrawal|Irrigation,,1
Corn,CornC4_Tehuantpc,Water Withdrawal,Water Withdrawal|Irrigation,,1
Corn,CornC4_UsaColoRS,Water Withdrawal,Water Withdrawal|Irrigation,,1
Corn,CornC4_ArabianP,Water Withdrawal,Water Withdrawal|Irrigation,,1
Corn,CornC4_ArabianSea,Water Withdrawal,Water Withdrawal|Irrigation,,1
Corn,CornC4_DeadSea,Water Withdrawal,Water Withdrawal|Irrigation,,1
Corn,CornC4_FarahrudR,Water Withdrawal,Water Withdrawal|Irrigation,,1
Corn,CornC4_HamuMashR,Water Withdrawal,Water Withdrawal|Irrigation,,1
Corn,CornC4_Helmand,Water Withdrawal,Water Withdrawal|Irrigation,,1
Corn,CornC4_Iran,Water Withdrawal,Water Withdrawal|Irrigation,,1
Corn,CornC4_PersianGulf,Water Withdrawal,Water Withdrawal|Irrigation,,1
Corn,CornC4_RedSeaE,Water Withdrawal,Water Withdrawal|Irrigation,,1
Corn,CornC4_BalticSea,Water Withdrawal,Water Withdrawal|Irrigation,,1
Corn,CornC4_BarentsSea,Water Withdrawal,Water Withdrawal|Irrigation,,1
Corn,CornC4_DvinaRN,Water Withdrawal,Water Withdrawal|Irrigation,,1
Corn,CornC4_Finland,Water Withdrawal,Water Withdrawal|Irrigation,,1
Corn,CornC4_NarvaR,Water Withdrawal,Water Withdrawal|Irrigation,,1
Corn,CornC4_NevaR,Water Withdrawal,Water Withdrawal|Irrigation,,1
Corn,CornC4_YeniseiR,Water Withdrawal,Water Withdrawal|Irrigation,,1
Corn,CornC4_AfrCstSSW,Water Withdrawal,Water Withdrawal|Irrigation,,1
Corn,CornC4_SAmerCstNE,Water Withdrawal,Water Withdrawal|Irrigation,,1
Corn,CornC4_ChileCstN,Water Withdrawal,Water Withdrawal|Irrigation,,1
Corn,CornC4_LaPuna,Water Withdrawal,Water Withdrawal|Irrigation,,1
Corn,CornC4_PeruCst,Water Withdrawal,Water Withdrawal|Irrigation,,1
Corn,CornC4_BengalBay,Water Withdrawal,Water Withdrawal|Irrigation,,1
Corn,CornC4_Korea,Water Withdrawal,Water Withdrawal|Irrigation,,1
Corn,CornC4_SittaungR,Water Withdrawal,Water Withdrawal|Irrigation,,1
Corn,CornC4_VietnamCst,Water Withdrawal,Water Withdrawal|Irrigation,,1
Corn,CornC4_ArkWhtRedR,Water Withdrawal,Water Withdrawal|Irrigation,,1
Corn,CornC4_GreatBasin,Water Withdrawal,Water Withdrawal|Irrigation,,1
Corn,CornC4_MissppRN,Water Withdrawal,Water Withdrawal|Irrigation,,1
Corn,CornC4_MissppRS,Water Withdrawal,Water Withdrawal|Irrigation,,1
Corn,CornC4_OhioR,Water Withdrawal,Water Withdrawal|Irrigation,,1
Corn,CornC4_TennR,Water Withdrawal,Water Withdrawal|Irrigation,,1
Corn,CornC4_TexasCst,Water Withdrawal,Water Withdrawal|Irrigation,,1
Corn,CornC4_UsaColoRN,Water Withdrawal,Water Withdrawal|Irrigation,,1
Corn,CornC4_UsaCstE,Water Withdrawal,Water Withdrawal|Irrigation,,1
Corn,CornC4_UsaCstSE,Water Withdrawal,Water Withdrawal|Irrigation,,1
Dairy,Mixed,Water Withdrawal,Water Withdrawal|Livestock,,1
Dairy,Pastoral,Water Withdrawal,Water Withdrawal|Livestock,,1
electricity,biomass,Water Withdrawal,Water Withdrawal|Electricity,Water Withdrawal|Electricity|Biomass,1
electricity,coal,Water Withdrawal,Water Withdrawal|Electricity,Water Withdrawal|Electricity|Coal,1
electricity,gas,Water Withdrawal,Water Withdrawal|Electricity,Water Withdrawal|Electricity|Gas,1
electricity,geothermal,Water Withdrawal,Water Withdrawal|Electricity,Water Withdrawal|Electricity|Geothermal,1
electricity,nuclear,Water Withdrawal,Water Withdrawal|Electricity,Water Withdrawal|Electricity|Nuclear,1
electricity,refined liquids,Water Withdrawal,Water Withdrawal|Electricity,"?? Does not exists ""liquids""??",1
electricity,solar,Water Withdrawal,Water Withdrawal|Electricity,Water Withdrawal|Electricity|Solar,1
FiberCrop,FiberCrop_AfrCstE,Water Withdrawal,Water Withdrawal|Irrigation,,1
FiberCrop,FiberCrop_AfrCstNE,Water Withdrawal,Water Withdrawal|Irrigation,,1
FiberCrop,FiberCrop_LChad,Water Withdrawal,Water Withdrawal|Irrigation,,1
FiberCrop,FiberCrop_Madagascar,Water Withdrawal,Water Withdrawal|Irrigation,,1
FiberCrop,FiberCrop_NileR,Water Withdrawal,Water Withdrawal|Irrigation,,1
FiberCrop,FiberCrop_RiftValley,Water Withdrawal,Water Withdrawal|Irrigation,,1
FiberCrop,FiberCrop_ShebJubR,Water Withdrawal,Water Withdrawal|Irrigation,,1
FiberCrop,FiberCrop_AfrCstNW,Water Withdrawal,Water Withdrawal|Irrigation,,1
FiberCrop,FiberCrop_AfrIntN,Water Withdrawal,Water Withdrawal|Irrigation,,1
FiberCrop,FiberCrop_MeditE,Water Withdrawal,Water Withdrawal|Irrigation,,1
FiberCrop,FiberCrop_MeditS,Water Withdrawal,Water Withdrawal|Irrigation,,1
FiberCrop,FiberCrop_SinaiP,Water Withdrawal,Water Withdrawal|Irrigation,,1
FiberCrop,FiberCrop_AfrCstS,Water Withdrawal,Water Withdrawal|Irrigation,,1
FiberCrop,FiberCrop_AfrCstSE,Water Withdrawal,Water Withdrawal|Irrigation,,1
FiberCrop,FiberCrop_AfrCstSW,Water Withdrawal,Water Withdrawal|Irrigation,,1
FiberCrop,FiberCrop_AfrIntS,Water Withdrawal,Water Withdrawal|Irrigation,,1
FiberCrop,FiberCrop_AngolaCst,Water Withdrawal,Water Withdrawal|Irrigation,,1
FiberCrop,FiberCrop_CongoR,Water Withdrawal,Water Withdrawal|Irrigation,,1
FiberCrop,FiberCrop_LimpopoR,Water Withdrawal,Water Withdrawal|Irrigation,,1
FiberCrop,FiberCrop_OrangeR,Water Withdrawal,Water Withdrawal|Irrigation,,1
FiberCrop,FiberCrop_ZambeziR,Water Withdrawal,Water Withdrawal|Irrigation,,1
FiberCrop,FiberCrop_AfrCstW,Water Withdrawal,Water Withdrawal|Irrigation,,1
FiberCrop,FiberCrop_GuineaGulf,Water Withdrawal,Water Withdrawal|Irrigation,,1
FiberCrop,FiberCrop_NigerR,Water Withdrawal,Water Withdrawal|Irrigation,,1
FiberCrop,FiberCrop_SenegalR,Water Withdrawal,Water Withdrawal|Irrigation,,1
FiberCrop,FiberCrop_ArgColoR,Water Withdrawal,Water Withdrawal|Irrigation,,1
FiberCrop,FiberCrop_ArgCstN,Water Withdrawal,Water Withdrawal|Irrigation,,1
FiberCrop,FiberCrop_ArgCstS,Water Withdrawal,Water Withdrawal|Irrigation,,1
FiberCrop,FiberCrop_MarChiq,Water Withdrawal,Water Withdrawal|Irrigation,,1
FiberCrop,FiberCrop_NegroR,Water Withdrawal,Water Withdrawal|Irrigation,,1
FiberCrop,FiberCrop_Pampas,Water Withdrawal,Water Withdrawal|Irrigation,,1
FiberCrop,FiberCrop_RioLaPlata,Water Withdrawal,Water Withdrawal|Irrigation,,1
FiberCrop,FiberCrop_Salinas,Water Withdrawal,Water Withdrawal|Irrigation,,1
FiberCrop,FiberCrop_AusCstE,Water Withdrawal,Water Withdrawal|Irrigation,,1
FiberCrop,FiberCrop_MurrayDrlg,Water Withdrawal,Water Withdrawal|Irrigation,,1
FiberCrop,FiberCrop_AmazonR,Water Withdrawal,Water Withdrawal|Irrigation,,1
FiberCrop,FiberCrop_BrzCstE,Water Withdrawal,Water Withdrawal|Irrigation,,1
FiberCrop,FiberCrop_BrzCstN,Water Withdrawal,Water Withdrawal|Irrigation,,1
FiberCrop,FiberCrop_BrzCstS,Water Withdrawal,Water Withdrawal|Irrigation,,1
FiberCrop,FiberCrop_ParnaibaR,Water Withdrawal,Water Withdrawal|Irrigation,,1
FiberCrop,FiberCrop_SaoFrancR,Water Withdrawal,Water Withdrawal|Irrigation,,1
FiberCrop,FiberCrop_TocantinsR,Water Withdrawal,Water Withdrawal|Irrigation,,1
FiberCrop,FiberCrop_Caribbean,Water Withdrawal,Water Withdrawal|Irrigation,,1
FiberCrop,FiberCrop_CntAmer,Water Withdrawal,Water Withdrawal|Irrigation,,1
FiberCrop,FiberCrop_GrijUsuR,Water Withdrawal,Water Withdrawal|Irrigation,,1
FiberCrop,FiberCrop_YucatanP,Water Withdrawal,Water Withdrawal|Irrigation,,1
FiberCrop,FiberCrop_AmuDaryaR,Water Withdrawal,Water Withdrawal|Irrigation,,1
FiberCrop,FiberCrop_CaspianE,Water Withdrawal,Water Withdrawal|Irrigation,,1
FiberCrop,FiberCrop_CaspianNE,Water Withdrawal,Water Withdrawal|Irrigation,,1
FiberCrop,FiberCrop_CaspianSW,Water Withdrawal,Water Withdrawal|Irrigation,,1
FiberCrop,FiberCrop_Gobi,Water Withdrawal,Water Withdrawal|Irrigation,,1
FiberCrop,FiberCrop_LBalkash,Water Withdrawal,Water Withdrawal|Irrigation,,1
FiberCrop,FiberCrop_ObR,Water Withdrawal,Water Withdrawal|Irrigation,,1
FiberCrop,FiberCrop_SyrDaryaR,Water Withdrawal,Water Withdrawal|Irrigation,,1
FiberCrop,FiberCrop_UralR,Water Withdrawal,Water Withdrawal|Irrigation,,1
FiberCrop,FiberCrop_VolgaR,Water Withdrawal,Water Withdrawal|Irrigation,,1
FiberCrop,FiberCrop_AmurR,Water Withdrawal,Water Withdrawal|Irrigation,,1
FiberCrop,FiberCrop_BoHai,Water Withdrawal,Water Withdrawal|Irrigation,,1
FiberCrop,FiberCrop_ChinaCst,Water Withdrawal,Water Withdrawal|Irrigation,,1
FiberCrop,FiberCrop_GangesR,Water Withdrawal,Water Withdrawal|Irrigation,,1
FiberCrop,FiberCrop_Hainan,Water Withdrawal,Water Withdrawal|Irrigation,,1
FiberCrop,FiberCrop_Hong,Water Withdrawal,Water Withdrawal|Irrigation,,1
FiberCrop,FiberCrop_HuangHeR,Water Withdrawal,Water Withdrawal|Irrigation,,1
FiberCrop,FiberCrop_IrrawaddyR,Water Withdrawal,Water Withdrawal|Irrigation,,1
FiberCrop,FiberCrop_Mekong,Water Withdrawal,Water Withdrawal|Irrigation,,1
FiberCrop,FiberCrop_RusCstSE,Water Withdrawal,Water Withdrawal|Irrigation,,1
FiberCrop,FiberCrop_SChinaSea,Water Withdrawal,Water Withdrawal|Irrigation,,1
FiberCrop,FiberCrop_Salween,Water Withdrawal,Water Withdrawal|Irrigation,,1
FiberCrop,FiberCrop_Tarim,Water Withdrawal,Water Withdrawal|Irrigation,,1
FiberCrop,FiberCrop_XunJiang,Water Withdrawal,Water Withdrawal|Irrigation,,1
FiberCrop,FiberCrop_Yangtze,Water Withdrawal,Water Withdrawal|Irrigation,,1
FiberCrop,FiberCrop_ZiyaHe,Water Withdrawal,Water Withdrawal|Irrigation,,1
FiberCrop,FiberCrop_ColEcuaCst,Water Withdrawal,Water Withdrawal|Irrigation,,1
FiberCrop,FiberCrop_MagdalenaR,Water Withdrawal,Water Withdrawal|Irrigation,,1
FiberCrop,FiberCrop_OrinocoR,Water Withdrawal,Water Withdrawal|Irrigation,,1
FiberCrop,FiberCrop_SAmerCstN,Water Withdrawal,Water Withdrawal|Irrigation,,1
FiberCrop,FiberCrop_AdrBlkSea,Water Withdrawal,Water Withdrawal|Irrigation,,1
FiberCrop,FiberCrop_BalticSea,Water Withdrawal,Water Withdrawal|Irrigation,,1
FiberCrop,FiberCrop_DanubeR,Water Withdrawal,Water Withdrawal|Irrigation,,1
FiberCrop,FiberCrop_DaugavaR,Water Withdrawal,Water Withdrawal|Irrigation,,1
FiberCrop,FiberCrop_ElbeR,Water Withdrawal,Water Withdrawal|Irrigation,,1
FiberCrop,FiberCrop_NarvaR,Water Withdrawal,Water Withdrawal|Irrigation,,1
FiberCrop,FiberCrop_NemanR,Water Withdrawal,Water Withdrawal|Irrigation,,1
FiberCrop,FiberCrop_OderR,Water Withdrawal,Water Withdrawal|Irrigation,,1
FiberCrop,FiberCrop_PolandCst,Water Withdrawal,Water Withdrawal|Irrigation,,1
FiberCrop,FiberCrop_WislaR,Water Withdrawal,Water Withdrawal|Irrigation,,1
FiberCrop,FiberCrop_DouroR,Water Withdrawal,Water Withdrawal|Irrigation,,1
FiberCrop,FiberCrop_EbroR,Water Withdrawal,Water Withdrawal|Irrigation,,1
FiberCrop,FiberCrop_EmsWeserR,Water Withdrawal,Water Withdrawal|Irrigation,,1
FiberCrop,FiberCrop_EngWales,Water Withdrawal,Water Withdrawal|Irrigation,,1
FiberCrop,FiberCrop_FranceCstS,Water Withdrawal,Water Withdrawal|Irrigation,,1
FiberCrop,FiberCrop_FranceCstW,Water Withdrawal,Water Withdrawal|Irrigation,,1
FiberCrop,FiberCrop_Gironde,Water Withdrawal,Water Withdrawal|Irrigation,,1
FiberCrop,FiberCrop_GuadalqR,Water Withdrawal,Water Withdrawal|Irrigation,,1
FiberCrop,FiberCrop_GuadianaR,Water Withdrawal,Water Withdrawal|Irrigation,,1
FiberCrop,FiberCrop_IberiaCst,Water Withdrawal,Water Withdrawal|Irrigation,,1
FiberCrop,FiberCrop_Ireland,Water Withdrawal,Water Withdrawal|Irrigation,,1
FiberCrop,FiberCrop_ItalyCstE,Water Withdrawal,Water Withdrawal|Irrigation,,1
FiberCrop,FiberCrop_ItalyCstW,Water Withdrawal,Water Withdrawal|Irrigation,,1
FiberCrop,FiberCrop_LoireR,Water Withdrawal,Water Withdrawal|Irrigation,,1
FiberCrop,FiberCrop_MeditIsl,Water Withdrawal,Water Withdrawal|Irrigation,,1
FiberCrop,FiberCrop_PoR,Water Withdrawal,Water Withdrawal|Irrigation,,1
FiberCrop,FiberCrop_RhineR,Water Withdrawal,Water Withdrawal|Irrigation,,1
FiberCrop,FiberCrop_RhoneR,Water Withdrawal,Water Withdrawal|Irrigation,,1
FiberCrop,FiberCrop_ScheldtR,Water Withdrawal,Water Withdrawal|Irrigation,,1
FiberCrop,FiberCrop_Scotland,Water Withdrawal,Water Withdrawal|Irrigation,,1
FiberCrop,FiberCrop_SeineR,Water Withdrawal,Water Withdrawal|Irrigation,,1
FiberCrop,FiberCrop_SpainCstSE,Water Withdrawal,Water Withdrawal|Irrigation,,1
FiberCrop,FiberCrop_TagusR,Water Withdrawal,Water Withdrawal|Irrigation,,1
FiberCrop,FiberCrop_TiberR,Water Withdrawal,Water Withdrawal|Irrigation,,1
FiberCrop,FiberCrop_BlackSeaN,Water Withdrawal,Water Withdrawal|Irrigation,,1
FiberCrop,FiberCrop_DnieperR,Water Withdrawal,Water Withdrawal|Irrigation,,1
FiberCrop,FiberCrop_DniesterR,Water Withdrawal,Water Withdrawal|Irrigation,,1
FiberCrop,FiberCrop_DonR,Water Withdrawal,Water Withdrawal|Irrigation,,1
FiberCrop,FiberCrop_NevaR,Water Withdrawal,Water Withdrawal|Irrigation,,1
FiberCrop,FiberCrop_BlackSeaS,Water Withdrawal,Water Withdrawal|Irrigation,,1
FiberCrop,FiberCrop_EJrdnSyr,Water Withdrawal,Water Withdrawal|Irrigation,,1
FiberCrop,FiberCrop_TigrEuphR,Water Withdrawal,Water Withdrawal|Irrigation,,1
FiberCrop,FiberCrop_BengalW,Water Withdrawal,Water Withdrawal|Irrigation,,1
FiberCrop,FiberCrop_BrahmaniR,Water Withdrawal,Water Withdrawal|Irrigation,,1
FiberCrop,FiberCrop_CauveryR,Water Withdrawal,Water Withdrawal|Irrigation,,1
FiberCrop,FiberCrop_GodavariR,Water Withdrawal,Water Withdrawal|Irrigation,,1
FiberCrop,FiberCrop_IndCstE,Water Withdrawal,Water Withdrawal|Irrigation,,1
FiberCrop,FiberCrop_IndCstNE,Water Withdrawal,Water Withdrawal|Irrigation,,1
FiberCrop,FiberCrop_IndCstS,Water Withdrawal,Water Withdrawal|Irrigation,,1
FiberCrop,FiberCrop_IndCstW,Water Withdrawal,Water Withdrawal|Irrigation,,1
FiberCrop,FiberCrop_IndusR,Water Withdrawal,Water Withdrawal|Irrigation,,1
FiberCrop,FiberCrop_KrishnaR,Water Withdrawal,Water Withdrawal|Irrigation,,1
FiberCrop,FiberCrop_MahanadiR,Water Withdrawal,Water Withdrawal|Irrigation,,1
FiberCrop,FiberCrop_MahiR,Water Withdrawal,Water Withdrawal|Irrigation,,1
FiberCrop,FiberCrop_NarmadaR,Water Withdrawal,Water Withdrawal|Irrigation,,1
FiberCrop,FiberCrop_PennarR,Water Withdrawal,Water Withdrawal|Irrigation,,1
FiberCrop,FiberCrop_SabarmatiR,Water Withdrawal,Water Withdrawal|Irrigation,,1
FiberCrop,FiberCrop_TaptiR,Water Withdrawal,Water Withdrawal|Irrigation,,1
FiberCrop,FiberCrop_IdnE,Water Withdrawal,Water Withdrawal|Irrigation,,1
FiberCrop,FiberCrop_IrianJaya,Water Withdrawal,Water Withdrawal|Irrigation,,1
FiberCrop,FiberCrop_JavaTimor,Water Withdrawal,Water Withdrawal|Irrigation,,1
FiberCrop,FiberCrop_Kalimantan,Water Withdrawal,Water Withdrawal|Irrigation,,1
FiberCrop,FiberCrop_Sulawesi,Water Withdrawal,Water Withdrawal|Irrigation,,1
FiberCrop,FiberCrop_Sumatra,Water Withdrawal,Water Withdrawal|Irrigation,,1
FiberCrop,FiberCrop_California,Water Withdrawal,Water Withdrawal|Irrigation,,1
FiberCrop,FiberCrop_MexBaja,Water Withdrawal,Water Withdrawal|Irrigation,,1
FiberCrop,FiberCrop_MexCstNW,Water Withdrawal,Water Withdrawal|Irrigation,,1
FiberCrop,FiberCrop_MexCstW,Water Withdrawal,Water Withdrawal|Irrigation,,1
FiberCrop,FiberCrop_MexGulf,Water Withdrawal,Water Withdrawal|Irrigation,,1
FiberCrop,FiberCrop_MexInt,Water Withdrawal,Water Withdrawal|Irrigation,,1
FiberCrop,FiberCrop_Papaloapan,Water Withdrawal,Water Withdrawal|Irrigation,,1
FiberCrop,FiberCrop_RioBalsas,Water Withdrawal,Water Withdrawal|Irrigation,,1
FiberCrop,FiberCrop_RioGrande,Water Withdrawal,Water Withdrawal|Irrigation,,1
FiberCrop,FiberCrop_RioLerma,Water Withdrawal,Water Withdrawal|Irrigation,,1
FiberCrop,FiberCrop_RioVerde,Water Withdrawal,Water Withdrawal|Irrigation,,1
FiberCrop,FiberCrop_Tehuantpc,Water Withdrawal,Water Withdrawal|Irrigation,,1
FiberCrop,FiberCrop_UsaColoRS,Water Withdrawal,Water Withdrawal|Irrigation,,1
FiberCrop,FiberCrop_ArabianP,Water Withdrawal,Water Withdrawal|Irrigation,,1
FiberCrop,FiberCrop_DeadSea,Water Withdrawal,Water Withdrawal|Irrigation,,1
FiberCrop,FiberCrop_FarahrudR,Water Withdrawal,Water Withdrawal|Irrigation,,1
FiberCrop,FiberCrop_Iran,Water Withdrawal,Water Withdrawal|Irrigation,,1
FiberCrop,FiberCrop_PersianGulf,Water Withdrawal,Water Withdrawal|Irrigation,,1
FiberCrop,FiberCrop_RedSeaE,Water Withdrawal,Water Withdrawal|Irrigation,,1
FiberCrop,FiberCrop_ArabianSea,Water Withdrawal,Water Withdrawal|Irrigation,,1
FiberCrop,FiberCrop_HamuMashR,Water Withdrawal,Water Withdrawal|Irrigation,,1
FiberCrop,FiberCrop_Helmand,Water Withdrawal,Water Withdrawal|Irrigation,,1
FiberCrop,FiberCrop_BarentsSea,Water Withdrawal,Water Withdrawal|Irrigation,,1
FiberCrop,FiberCrop_DvinaRN,Water Withdrawal,Water Withdrawal|Irrigation,,1
FiberCrop,FiberCrop_Finland,Water Withdrawal,Water Withdrawal|Irrigation,,1
FiberCrop,FiberCrop_LenaR,Water Withdrawal,Water Withdrawal|Irrigation,,1
FiberCrop,FiberCrop_SiberiaW,Water Withdrawal,Water Withdrawal|Irrigation,,1
FiberCrop,FiberCrop_YeniseiR,Water Withdrawal,Water Withdrawal|Irrigation,,1
FiberCrop,FiberCrop_AfrCstSSW,Water Withdrawal,Water Withdrawal|Irrigation,,1
FiberCrop,FiberCrop_SAmerCstNE,Water Withdrawal,Water Withdrawal|Irrigation,,1
FiberCrop,FiberCrop_ChileCstN,Water Withdrawal,Water Withdrawal|Irrigation,,1
FiberCrop,FiberCrop_ChileCstS,Water Withdrawal,Water Withdrawal|Irrigation,,1
FiberCrop,FiberCrop_LaPuna,Water Withdrawal,Water Withdrawal|Irrigation,,1
FiberCrop,FiberCrop_PeruCst,Water Withdrawal,Water Withdrawal|Irrigation,,1
FiberCrop,FiberCrop_BengalBay,Water Withdrawal,Water Withdrawal|Irrigation,,1
FiberCrop,FiberCrop_ChaoPhrR,Water Withdrawal,Water Withdrawal|Irrigation,,1
FiberCrop,FiberCrop_MalaysiaP,Water Withdrawal,Water Withdrawal|Irrigation,,1
FiberCrop,FiberCrop_SittaungR,Water Withdrawal,Water Withdrawal|Irrigation,,1
FiberCrop,FiberCrop_ThaiGulf,Water Withdrawal,Water Withdrawal|Irrigation,,1
FiberCrop,FiberCrop_VietnamCst,Water Withdrawal,Water Withdrawal|Irrigation,,1
FiberCrop,FiberCrop_ArkWhtRedR,Water Withdrawal,Water Withdrawal|Irrigation,,1
FiberCrop,FiberCrop_MissouriR,Water Withdrawal,Water Withdrawal|Irrigation,,1
FiberCrop,FiberCrop_MissppRN,Water Withdrawal,Water Withdrawal|Irrigation,,1
FiberCrop,FiberCrop_MissppRS,Water Withdrawal,Water Withdrawal|Irrigation,,1
FiberCrop,FiberCrop_OhioR,Water Withdrawal,Water Withdrawal|Irrigation,,1
FiberCrop,FiberCrop_TennR,Water Withdrawal,Water Withdrawal|Irrigation,,1
FiberCrop,FiberCrop_TexasCst,Water Withdrawal,Water Withdrawal|Irrigation,,1
FiberCrop,FiberCrop_UsaCstE,Water Withdrawal,Water Withdrawal|Irrigation,,1
FiberCrop,FiberCrop_UsaCstSE,Water Withdrawal,Water Withdrawal|Irrigation,,1
FodderGrass,FodderGrass_DnkGrmCst,Water Withdrawal,Water Withdrawal|Irrigation,,1
FodderGrass,FodderGrass_Sweden,Water Withdrawal,Water Withdrawal|Irrigation,,1
FodderGrass,FodderGrass_California,Water Withdrawal,Water Withdrawal|Irrigation,,1
FodderGrass,FodderGrass_MexBaja,Water Withdrawal,Water Withdrawal|Irrigation,,1
FodderGrass,FodderGrass_MexCstNW,Water Withdrawal,Water Withdrawal|Irrigation,,1
FodderGrass,FodderGrass_MexCstW,Water Withdrawal,Water Withdrawal|Irrigation,,1
FodderGrass,FodderGrass_MexGulf,Water Withdrawal,Water Withdrawal|Irrigation,,1
FodderGrass,FodderGrass_MexInt,Water Withdrawal,Water Withdrawal|Irrigation,,1
FodderGrass,FodderGrass_RioBalsas,Water Withdrawal,Water Withdrawal|Irrigation,,1
FodderGrass,FodderGrass_RioGrande,Water Withdrawal,Water Withdrawal|Irrigation,,1
FodderGrass,FodderGrass_RioLerma,Water Withdrawal,Water Withdrawal|Irrigation,,1
FodderGrass,FodderGrass_RioVerde,Water Withdrawal,Water Withdrawal|Irrigation,,1
FodderGrass,FodderGrass_UsaColoRS,Water Withdrawal,Water Withdrawal|Irrigation,,1
FodderHerb,FodderHerb_AfrCstNE,Water Withdrawal,Water Withdrawal|Irrigation,,1
FodderHerb,FodderHerb_NileR,Water Withdrawal,Water Withdrawal|Irrigation,,1
FodderHerb,FodderHerb_RiftValley,Water Withdrawal,Water Withdrawal|Irrigation,,1
FodderHerb,FodderHerb_ShebJubR,Water Withdrawal,Water Withdrawal|Irrigation,,1
FodderHerb,FodderHerbC4_ArgColoR,Water Withdrawal,Water Withdrawal|Irrigation,,1
FodderHerb,FodderHerbC4_ArgCstN,Water Withdrawal,Water Withdrawal|Irrigation,,1
FodderHerb,FodderHerbC4_ArgCstS,Water Withdrawal,Water Withdrawal|Irrigation,,1
FodderHerb,FodderHerbC4_ChileCstS,Water Withdrawal,Water Withdrawal|Irrigation,,1
FodderHerb,FodderHerbC4_MarChiq,Water Withdrawal,Water Withdrawal|Irrigation,,1
FodderHerb,FodderHerbC4_NegroR,Water Withdrawal,Water Withdrawal|Irrigation,,1
FodderHerb,FodderHerbC4_Pampas,Water Withdrawal,Water Withdrawal|Irrigation,,1
FodderHerb,FodderHerbC4_RioLaPlata,Water Withdrawal,Water Withdrawal|Irrigation,,1
FodderHerb,FodderHerbC4_Salinas,Water Withdrawal,Water Withdrawal|Irrigation,,1
FodderHerb,FodderHerb_ArgColoR,Water Withdrawal,Water Withdrawal|Irrigation,,1
FodderHerb,FodderHerb_ArgCstN,Water Withdrawal,Water Withdrawal|Irrigation,,1
FodderHerb,FodderHerb_ArgCstS,Water Withdrawal,Water Withdrawal|Irrigation,,1
FodderHerb,FodderHerb_ChileCstS,Water Withdrawal,Water Withdrawal|Irrigation,,1
FodderHerb,FodderHerb_MarChiq,Water Withdrawal,Water Withdrawal|Irrigation,,1
FodderHerb,FodderHerb_NegroR,Water Withdrawal,Water Withdrawal|Irrigation,,1
FodderHerb,FodderHerb_Pampas,Water Withdrawal,Water Withdrawal|Irrigation,,1
FodderHerb,FodderHerb_Patagonia,Water Withdrawal,Water Withdrawal|Irrigation,,1
FodderHerb,FodderHerb_RioLaPlata,Water Withdrawal,Water Withdrawal|Irrigation,,1
FodderHerb,FodderHerb_Salinas,Water Withdrawal,Water Withdrawal|Irrigation,,1
FodderHerb,FodderHerbC4_NewZealand,Water Withdrawal,Water Withdrawal|Irrigation,,1
FodderHerb,FodderHerb_AusCstE,Water Withdrawal,Water Withdrawal|Irrigation,,1
FodderHerb,FodderHerb_AusCstN,Water Withdrawal,Water Withdrawal|Irrigation,,1
FodderHerb,FodderHerb_AusCstS,Water Withdrawal,Water Withdrawal|Irrigation,,1
FodderHerb,FodderHerb_AusCstW,Water Withdrawal,Water Withdrawal|Irrigation,,1
FodderHerb,FodderHerb_AusInt,Water Withdrawal,Water Withdrawal|Irrigation,,1
FodderHerb,FodderHerb_MurrayDrlg,Water Withdrawal,Water Withdrawal|Irrigation,,1
FodderHerb,FodderHerb_NewZealand,Water Withdrawal,Water Withdrawal|Irrigation,,1
FodderHerb,FodderHerb_Tasmania,Water Withdrawal,Water Withdrawal|Irrigation,,1
FodderHerb,FodderHerbC4_CanAtl,Water Withdrawal,Water Withdrawal|Irrigation,,1
FodderHerb,FodderHerbC4_FraserR,Water Withdrawal,Water Withdrawal|Irrigation,,1
FodderHerb,FodderHerbC4_GreatLakes,Water Withdrawal,Water Withdrawal|Irrigation,,1
FodderHerb,FodderHerbC4_HudsonBay,Water Withdrawal,Water Withdrawal|Irrigation,,1
FodderHerb,FodderHerbC4_Mackenzie,Water Withdrawal,Water Withdrawal|Irrigation,,1
FodderHerb,FodderHerbC4_MissouriR,Water Withdrawal,Water Withdrawal|Irrigation,,1
FodderHerb,FodderHerbC4_NWTerr,Water Withdrawal,Water Withdrawal|Irrigation,,1
FodderHerb,FodderHerbC4_NelsonR,Water Withdrawal,Water Withdrawal|Irrigation,,1
FodderHerb,FodderHerbC4_PacArctic,Water Withdrawal,Water Withdrawal|Irrigation,,1
FodderHerb,FodderHerbC4_StLwrncR,Water Withdrawal,Water Withdrawal|Irrigation,,1
FodderHerb,FodderHerbC4_UsaCstNE,Water Withdrawal,Water Withdrawal|Irrigation,,1
FodderHerb,FodderHerbC4_UsaPacNW,Water Withdrawal,Water Withdrawal|Irrigation,,1
FodderHerb,FodderHerb_CanAtl,Water Withdrawal,Water Withdrawal|Irrigation,,1
FodderHerb,FodderHerb_FraserR,Water Withdrawal,Water Withdrawal|Irrigation,,1
FodderHerb,FodderHerb_GreatLakes,Water Withdrawal,Water Withdrawal|Irrigation,,1
FodderHerb,FodderHerb_Mackenzie,Water Withdrawal,Water Withdrawal|Irrigation,,1
FodderHerb,FodderHerb_MissouriR,Water Withdrawal,Water Withdrawal|Irrigation,,1
FodderHerb,FodderHerb_NWTerr,Water Withdrawal,Water Withdrawal|Irrigation,,1
FodderHerb,FodderHerb_NelsonR,Water Withdrawal,Water Withdrawal|Irrigation,,1
FodderHerb,FodderHerb_PacArctic,Water Withdrawal,Water Withdrawal|Irrigation,,1
FodderHerb,FodderHerb_StLwrncR,Water Withdrawal,Water Withdrawal|Irrigation,,1
FodderHerb,FodderHerb_UsaCstNE,Water Withdrawal,Water Withdrawal|Irrigation,,1
FodderHerb,FodderHerb_UsaPacNW,Water Withdrawal,Water Withdrawal|Irrigation,,1
FodderHerb,FodderHerb_CntAmer,Water Withdrawal,Water Withdrawal|Irrigation,,1
FodderHerb,FodderHerb_YucatanP,Water Withdrawal,Water Withdrawal|Irrigation,,1
FodderHerb,FodderHerbC4_AmuDaryaR,Water Withdrawal,Water Withdrawal|Irrigation,,1
FodderHerb,FodderHerbC4_BlackSeaS,Water Withdrawal,Water Withdrawal|Irrigation,,1
FodderHerb,FodderHerbC4_CaspianE,Water Withdrawal,Water Withdrawal|Irrigation,,1
FodderHerb,FodderHerbC4_CaspianNE,Water Withdrawal,Water Withdrawal|Irrigation,,1
FodderHerb,FodderHerbC4_CaspianSW,Water Withdrawal,Water Withdrawal|Irrigation,,1
FodderHerb,FodderHerbC4_Gobi,Water Withdrawal,Water Withdrawal|Irrigation,,1
FodderHerb,FodderHerbC4_LBalkash,Water Withdrawal,Water Withdrawal|Irrigation,,1
FodderHerb,FodderHerbC4_ObR,Water Withdrawal,Water Withdrawal|Irrigation,,1
FodderHerb,FodderHerbC4_SyrDaryaR,Water Withdrawal,Water Withdrawal|Irrigation,,1
FodderHerb,FodderHerbC4_UralR,Water Withdrawal,Water Withdrawal|Irrigation,,1
FodderHerb,FodderHerbC4_VolgaR,Water Withdrawal,Water Withdrawal|Irrigation,,1
FodderHerb,FodderHerb_AmuDaryaR,Water Withdrawal,Water Withdrawal|Irrigation,,1
FodderHerb,FodderHerb_BlackSeaS,Water Withdrawal,Water Withdrawal|Irrigation,,1
FodderHerb,FodderHerb_CaspianE,Water Withdrawal,Water Withdrawal|Irrigation,,1
FodderHerb,FodderHerb_CaspianNE,Water Withdrawal,Water Withdrawal|Irrigation,,1
FodderHerb,FodderHerb_CaspianSW,Water Withdrawal,Water Withdrawal|Irrigation,,1
FodderHerb,FodderHerb_Gobi,Water Withdrawal,Water Withdrawal|Irrigation,,1
FodderHerb,FodderHerb_LBalkash,Water Withdrawal,Water Withdrawal|Irrigation,,1
FodderHerb,FodderHerb_ObR,Water Withdrawal,Water Withdrawal|Irrigation,,1
FodderHerb,FodderHerb_SyrDaryaR,Water Withdrawal,Water Withdrawal|Irrigation,,1
FodderHerb,FodderHerb_UralR,Water Withdrawal,Water Withdrawal|Irrigation,,1
FodderHerb,FodderHerbC4_AdrBlkSea,Water Withdrawal,Water Withdrawal|Irrigation,,1
FodderHerb,FodderHerbC4_DanubeR,Water Withdrawal,Water Withdrawal|Irrigation,,1
FodderHerb,FodderHerbC4_DaugavaR,Water Withdrawal,Water Withdrawal|Irrigation,,1
FodderHerb,FodderHerbC4_DnkGrmCst,Water Withdrawal,Water Withdrawal|Irrigation,,1
FodderHerb,FodderHerbC4_ElbeR,Water Withdrawal,Water Withdrawal|Irrigation,,1
FodderHerb,FodderHerbC4_NemanR,Water Withdrawal,Water Withdrawal|Irrigation,,1
FodderHerb,FodderHerbC4_OderR,Water Withdrawal,Water Withdrawal|Irrigation,,1
FodderHerb,FodderHerbC4_PolandCst,Water Withdrawal,Water Withdrawal|Irrigation,,1
FodderHerb,FodderHerbC4_WislaR,Water Withdrawal,Water Withdrawal|Irrigation,,1
FodderHerb,FodderHerb_AdrBlkSea,Water Withdrawal,Water Withdrawal|Irrigation,,1
FodderHerb,FodderHerb_BalticSea,Water Withdrawal,Water Withdrawal|Irrigation,,1
FodderHerb,FodderHerb_DanubeR,Water Withdrawal,Water Withdrawal|Irrigation,,1
FodderHerb,FodderHerb_DaugavaR,Water Withdrawal,Water Withdrawal|Irrigation,,1
FodderHerb,FodderHerb_DniesterR,Water Withdrawal,Water Withdrawal|Irrigation,,1
FodderHerb,FodderHerb_DnkGrmCst,Water Withdrawal,Water Withdrawal|Irrigation,,1
FodderHerb,FodderHerb_ElbeR,Water Withdrawal,Water Withdrawal|Irrigation,,1
FodderHerb,FodderHerb_MeditE,Water Withdrawal,Water Withdrawal|Irrigation,,1
FodderHerb,FodderHerb_NarvaR,Water Withdrawal,Water Withdrawal|Irrigation,,1
FodderHerb,FodderHerb_NemanR,Water Withdrawal,Water Withdrawal|Irrigation,,1
FodderHerb,FodderHerb_OderR,Water Withdrawal,Water Withdrawal|Irrigation,,1
FodderHerb,FodderHerb_PolandCst,Water Withdrawal,Water Withdrawal|Irrigation,,1
FodderHerb,FodderHerb_WislaR,Water Withdrawal,Water Withdrawal|Irrigation,,1
FodderHerb,FodderHerbC4_DouroR,Water Withdrawal,Water Withdrawal|Irrigation,,1
FodderHerb,FodderHerbC4_EbroR,Water Withdrawal,Water Withdrawal|Irrigation,,1
FodderHerb,FodderHerbC4_EmsWeserR,Water Withdrawal,Water Withdrawal|Irrigation,,1
FodderHerb,FodderHerbC4_FranceCstS,Water Withdrawal,Water Withdrawal|Irrigation,,1
FodderHerb,FodderHerbC4_FranceCstW,Water Withdrawal,Water Withdrawal|Irrigation,,1
FodderHerb,FodderHerbC4_Gironde,Water Withdrawal,Water Withdrawal|Irrigation,,1
FodderHerb,FodderHerbC4_GuadalqR,Water Withdrawal,Water Withdrawal|Irrigation,,1
FodderHerb,FodderHerbC4_GuadianaR,Water Withdrawal,Water Withdrawal|Irrigation,,1
FodderHerb,FodderHerbC4_IberiaCst,Water Withdrawal,Water Withdrawal|Irrigation,,1
FodderHerb,FodderHerbC4_ItalyCstE,Water Withdrawal,Water Withdrawal|Irrigation,,1
FodderHerb,FodderHerbC4_ItalyCstW,Water Withdrawal,Water Withdrawal|Irrigation,,1
FodderHerb,FodderHerbC4_LoireR,Water Withdrawal,Water Withdrawal|Irrigation,,1
FodderHerb,FodderHerbC4_MeditIsl,Water Withdrawal,Water Withdrawal|Irrigation,,1
FodderHerb,FodderHerbC4_PoR,Water Withdrawal,Water Withdrawal|Irrigation,,1
FodderHerb,FodderHerbC4_RhineR,Water Withdrawal,Water Withdrawal|Irrigation,,1
FodderHerb,FodderHerbC4_RhoneR,Water Withdrawal,Water Withdrawal|Irrigation,,1
FodderHerb,FodderHerbC4_ScheldtR,Water Withdrawal,Water Withdrawal|Irrigation,,1
FodderHerb,FodderHerbC4_SeineR,Water Withdrawal,Water Withdrawal|Irrigation,,1
FodderHerb,FodderHerbC4_SpainCstSE,Water Withdrawal,Water Withdrawal|Irrigation,,1
FodderHerb,FodderHerbC4_TagusR,Water Withdrawal,Water Withdrawal|Irrigation,,1
FodderHerb,FodderHerbC4_TiberR,Water Withdrawal,Water Withdrawal|Irrigation,,1
FodderHerb,FodderHerb_DouroR,Water Withdrawal,Water Withdrawal|Irrigation,,1
FodderHerb,FodderHerb_EbroR,Water Withdrawal,Water Withdrawal|Irrigation,,1
FodderHerb,FodderHerb_EmsWeserR,Water Withdrawal,Water Withdrawal|Irrigation,,1
FodderHerb,FodderHerb_EngWales,Water Withdrawal,Water Withdrawal|Irrigation,,1
FodderHerb,FodderHerb_FranceCstS,Water Withdrawal,Water Withdrawal|Irrigation,,1
FodderHerb,FodderHerb_FranceCstW,Water Withdrawal,Water Withdrawal|Irrigation,,1
FodderHerb,FodderHerb_Gironde,Water Withdrawal,Water Withdrawal|Irrigation,,1
FodderHerb,FodderHerb_GuadalqR,Water Withdrawal,Water Withdrawal|Irrigation,,1
FodderHerb,FodderHerb_GuadianaR,Water Withdrawal,Water Withdrawal|Irrigation,,1
FodderHerb,FodderHerb_IberiaCst,Water Withdrawal,Water Withdrawal|Irrigation,,1
FodderHerb,FodderHerb_Ireland,Water Withdrawal,Water Withdrawal|Irrigation,,1
FodderHerb,FodderHerb_ItalyCstE,Water Withdrawal,Water Withdrawal|Irrigation,,1
FodderHerb,FodderHerb_ItalyCstW,Water Withdrawal,Water Withdrawal|Irrigation,,1
FodderHerb,FodderHerb_LoireR,Water Withdrawal,Water Withdrawal|Irrigation,,1
FodderHerb,FodderHerb_MeditIsl,Water Withdrawal,Water Withdrawal|Irrigation,,1
FodderHerb,FodderHerb_PoR,Water Withdrawal,Water Withdrawal|Irrigation,,1
FodderHerb,FodderHerb_RhineR,Water Withdrawal,Water Withdrawal|Irrigation,,1
FodderHerb,FodderHerb_RhoneR,Water Withdrawal,Water Withdrawal|Irrigation,,1
FodderHerb,FodderHerb_ScheldtR,Water Withdrawal,Water Withdrawal|Irrigation,,1
FodderHerb,FodderHerb_Scotland,Water Withdrawal,Water Withdrawal|Irrigation,,1
FodderHerb,FodderHerb_SeineR,Water Withdrawal,Water Withdrawal|Irrigation,,1
FodderHerb,FodderHerb_SpainCstSE,Water Withdrawal,Water Withdrawal|Irrigation,,1
FodderHerb,FodderHerb_Sweden,Water Withdrawal,Water Withdrawal|Irrigation,,1
FodderHerb,FodderHerb_TagusR,Water Withdrawal,Water Withdrawal|Irrigation,,1
FodderHerb,FodderHerb_TiberR,Water Withdrawal,Water Withdrawal|Irrigation,,1
FodderHerb,FodderHerbC4_BlackSeaN,Water Withdrawal,Water Withdrawal|Irrigation,,1
FodderHerb,FodderHerbC4_DnieperR,Water Withdrawal,Water Withdrawal|Irrigation,,1
FodderHerb,FodderHerbC4_DniesterR,Water Withdrawal,Water Withdrawal|Irrigation,,1
FodderHerb,FodderHerbC4_DonR,Water Withdrawal,Water Withdrawal|Irrigation,,1
FodderHerb,FodderHerbC4_NevaR,Water Withdrawal,Water Withdrawal|Irrigation,,1
FodderHerb,FodderHerb_BlackSeaN,Water Withdrawal,Water Withdrawal|Irrigation,,1
FodderHerb,FodderHerb_DnieperR,Water Withdrawal,Water Withdrawal|Irrigation,,1
FodderHerb,FodderHerb_DonR,Water Withdrawal,Water Withdrawal|Irrigation,,1
FodderHerb,FodderHerb_NevaR,Water Withdrawal,Water Withdrawal|Irrigation,,1
FodderHerb,FodderHerbC4_EJrdnSyr,Water Withdrawal,Water Withdrawal|Irrigation,,1
FodderHerb,FodderHerbC4_MeditE,Water Withdrawal,Water Withdrawal|Irrigation,,1
FodderHerb,FodderHerbC4_TigrEuphR,Water Withdrawal,Water Withdrawal|Irrigation,,1
FodderHerb,FodderHerb_EJrdnSyr,Water Withdrawal,Water Withdrawal|Irrigation,,1
FodderHerb,FodderHerb_TigrEuphR,Water Withdrawal,Water Withdrawal|Irrigation,,1
FodderHerb,FodderHerb_ScndnvN,Water Withdrawal,Water Withdrawal|Irrigation,,1
FodderHerb,FodderHerbC4_Japan,Water Withdrawal,Water Withdrawal|Irrigation,,1
FodderHerb,FodderHerbC4_Taiwan,Water Withdrawal,Water Withdrawal|Irrigation,,1
FodderHerb,FodderHerb_Japan,Water Withdrawal,Water Withdrawal|Irrigation,,1
FodderHerb,FodderHerbC4_California,Water Withdrawal,Water Withdrawal|Irrigation,,1
FodderHerb,FodderHerbC4_MexBaja,Water Withdrawal,Water Withdrawal|Irrigation,,1
FodderHerb,FodderHerbC4_MexCstNW,Water Withdrawal,Water Withdrawal|Irrigation,,1
FodderHerb,FodderHerbC4_MexCstW,Water Withdrawal,Water Withdrawal|Irrigation,,1
FodderHerb,FodderHerbC4_MexGulf,Water Withdrawal,Water Withdrawal|Irrigation,,1
FodderHerb,FodderHerbC4_MexInt,Water Withdrawal,Water Withdrawal|Irrigation,,1
FodderHerb,FodderHerbC4_Papaloapan,Water Withdrawal,Water Withdrawal|Irrigation,,1
FodderHerb,FodderHerbC4_RioBalsas,Water Withdrawal,Water Withdrawal|Irrigation,,1
FodderHerb,FodderHerbC4_RioGrande,Water Withdrawal,Water Withdrawal|Irrigation,,1
FodderHerb,FodderHerbC4_RioLerma,Water Withdrawal,Water Withdrawal|Irrigation,,1
FodderHerb,FodderHerbC4_RioVerde,Water Withdrawal,Water Withdrawal|Irrigation,,1
FodderHerb,FodderHerbC4_Tehuantpc,Water Withdrawal,Water Withdrawal|Irrigation,,1
FodderHerb,FodderHerbC4_UsaColoRS,Water Withdrawal,Water Withdrawal|Irrigation,,1
FodderHerb,FodderHerb_California,Water Withdrawal,Water Withdrawal|Irrigation,,1
FodderHerb,FodderHerb_GrijUsuR,Water Withdrawal,Water Withdrawal|Irrigation,,1
FodderHerb,FodderHerb_MexBaja,Water Withdrawal,Water Withdrawal|Irrigation,,1
FodderHerb,FodderHerb_MexCstNW,Water Withdrawal,Water Withdrawal|Irrigation,,1
FodderHerb,FodderHerb_MexCstW,Water Withdrawal,Water Withdrawal|Irrigation,,1
FodderHerb,FodderHerb_MexGulf,Water Withdrawal,Water Withdrawal|Irrigation,,1
FodderHerb,FodderHerb_MexInt,Water Withdrawal,Water Withdrawal|Irrigation,,1
FodderHerb,FodderHerb_Papaloapan,Water Withdrawal,Water Withdrawal|Irrigation,,1
FodderHerb,FodderHerb_RioBalsas,Water Withdrawal,Water Withdrawal|Irrigation,,1
FodderHerb,FodderHerb_RioGrande,Water Withdrawal,Water Withdrawal|Irrigation,,1
FodderHerb,FodderHerb_RioLerma,Water Withdrawal,Water Withdrawal|Irrigation,,1
FodderHerb,FodderHerb_RioVerde,Water Withdrawal,Water Withdrawal|Irrigation,,1
FodderHerb,FodderHerb_Tehuantpc,Water Withdrawal,Water Withdrawal|Irrigation,,1
FodderHerb,FodderHerb_UsaColoRS,Water Withdrawal,Water Withdrawal|Irrigation,,1
FodderHerb,FodderHerbC4_ArabianP,Water Withdrawal,Water Withdrawal|Irrigation,,1
FodderHerb,FodderHerbC4_DeadSea,Water Withdrawal,Water Withdrawal|Irrigation,,1
FodderHerb,FodderHerbC4_RedSeaE,Water Withdrawal,Water Withdrawal|Irrigation,,1
FodderHerb,FodderHerb_DeadSea,Water Withdrawal,Water Withdrawal|Irrigation,,1
FodderHerb,FodderHerbC4_AmurR,Water Withdrawal,Water Withdrawal|Irrigation,,1
FodderHerb,FodderHerbC4_BalticSea,Water Withdrawal,Water Withdrawal|Irrigation,,1
FodderHerb,FodderHerbC4_BarentsSea,Water Withdrawal,Water Withdrawal|Irrigation,,1
FodderHerb,FodderHerbC4_DvinaRN,Water Withdrawal,Water Withdrawal|Irrigation,,1
FodderHerb,FodderHerbC4_Finland,Water Withdrawal,Water Withdrawal|Irrigation,,1
FodderHerb,FodderHerbC4_NarvaR,Water Withdrawal,Water Withdrawal|Irrigation,,1
FodderHerb,FodderHerbC4_RusCstSE,Water Withdrawal,Water Withdrawal|Irrigation,,1
FodderHerb,FodderHerbC4_YeniseiR,Water Withdrawal,Water Withdrawal|Irrigation,,1
FodderHerb,FodderHerb_AmurR,Water Withdrawal,Water Withdrawal|Irrigation,,1
FodderHerb,FodderHerb_BarentsSea,Water Withdrawal,Water Withdrawal|Irrigation,,1
FodderHerb,FodderHerb_DvinaRN,Water Withdrawal,Water Withdrawal|Irrigation,,1
FodderHerb,FodderHerb_Finland,Water Withdrawal,Water Withdrawal|Irrigation,,1
FodderHerb,FodderHerb_RusCstSE,Water Withdrawal,Water Withdrawal|Irrigation,,1
FodderHerb,FodderHerb_VolgaR,Water Withdrawal,Water Withdrawal|Irrigation,,1
FodderHerb,FodderHerb_YeniseiR,Water Withdrawal,Water Withdrawal|Irrigation,,1
FodderHerb,FodderHerb_AfrCstS,Water Withdrawal,Water Withdrawal|Irrigation,,1
FodderHerb,FodderHerb_AfrCstSSW,Water Withdrawal,Water Withdrawal|Irrigation,,1
FodderHerb,FodderHerb_LimpopoR,Water Withdrawal,Water Withdrawal|Irrigation,,1
FodderHerb,FodderHerb_OrangeR,Water Withdrawal,Water Withdrawal|Irrigation,,1
FodderHerb,FodderHerbC4_ChileCstN,Water Withdrawal,Water Withdrawal|Irrigation,,1
FodderHerb,FodderHerbC4_ArkWhtRedR,Water Withdrawal,Water Withdrawal|Irrigation,,1
FodderHerb,FodderHerbC4_GreatBasin,Water Withdrawal,Water Withdrawal|Irrigation,,1
FodderHerb,FodderHerbC4_MissppRN,Water Withdrawal,Water Withdrawal|Irrigation,,1
FodderHerb,FodderHerbC4_MissppRS,Water Withdrawal,Water Withdrawal|Irrigation,,1
FodderHerb,FodderHerbC4_OhioR,Water Withdrawal,Water Withdrawal|Irrigation,,1
FodderHerb,FodderHerbC4_TennR,Water Withdrawal,Water Withdrawal|Irrigation,,1
FodderHerb,FodderHerbC4_TexasCst,Water Withdrawal,Water Withdrawal|Irrigation,,1
FodderHerb,FodderHerbC4_UsaColoRN,Water Withdrawal,Water Withdrawal|Irrigation,,1
FodderHerb,FodderHerbC4_UsaCstE,Water Withdrawal,Water Withdrawal|Irrigation,,1
FodderHerb,FodderHerbC4_UsaCstSE,Water Withdrawal,Water Withdrawal|Irrigation,,1
FodderHerb,FodderHerb_ArkWhtRedR,Water Withdrawal,Water Withdrawal|Irrigation,,1
FodderHerb,FodderHerb_GreatBasin,Water Withdrawal,Water Withdrawal|Irrigation,,1
FodderHerb,FodderHerb_MissppRN,Water Withdrawal,Water Withdrawal|Irrigation,,1
FodderHerb,FodderHerb_MissppRS,Water Withdrawal,Water Withdrawal|Irrigation,,1
FodderHerb,FodderHerb_OhioR,Water Withdrawal,Water Withdrawal|Irrigation,,1
FodderHerb,FodderHerb_TennR,Water Withdrawal,Water Withdrawal|Irrigation,,1
FodderHerb,FodderHerb_TexasCst,Water Withdrawal,Water Withdrawal|Irrigation,,1
FodderHerb,FodderHerb_UsaColoRN,Water Withdrawal,Water Withdrawal|Irrigation,,1
FodderHerb,FodderHerb_UsaCstE,Water Withdrawal,Water Withdrawal|Irrigation,,1
FodderHerb,FodderHerb_UsaCstSE,Water Withdrawal,Water Withdrawal|Irrigation,,1
food processing,food processing,Water Withdrawal,NoReported,,1
Fruits,FruitsTree_AfrCstE,Water Withdrawal,Water Withdrawal|Irrigation,,1
Fruits,FruitsTree_AfrCstNE,Water Withdrawal,Water Withdrawal|Irrigation,,1
Fruits,FruitsTree_LChad,Water Withdrawal,Water Withdrawal|Irrigation,,1
Fruits,FruitsTree_NileR,Water Withdrawal,Water Withdrawal|Irrigation,,1
Fruits,FruitsTree_RiftValley,Water Withdrawal,Water Withdrawal|Irrigation,,1
Fruits,FruitsTree_ShebJubR,Water Withdrawal,Water Withdrawal|Irrigation,,1
Fruits,Fruits_AfrCstE,Water Withdrawal,Water Withdrawal|Irrigation,,1
Fruits,Fruits_NileR,Water Withdrawal,Water Withdrawal|Irrigation,,1
Fruits,Fruits_RiftValley,Water Withdrawal,Water Withdrawal|Irrigation,,1
Fruits,Fruits_ShebJubR,Water Withdrawal,Water Withdrawal|Irrigation,,1
Fruits,FruitsTree_AfrCstNW,Water Withdrawal,Water Withdrawal|Irrigation,,1
Fruits,FruitsTree_AfrIntN,Water Withdrawal,Water Withdrawal|Irrigation,,1
Fruits,FruitsTree_MeditE,Water Withdrawal,Water Withdrawal|Irrigation,,1
Fruits,FruitsTree_MeditS,Water Withdrawal,Water Withdrawal|Irrigation,,1
Fruits,FruitsTree_SinaiP,Water Withdrawal,Water Withdrawal|Irrigation,,1
Fruits,Fruits_AfrCstNW,Water Withdrawal,Water Withdrawal|Irrigation,,1
Fruits,Fruits_AfrIntN,Water Withdrawal,Water Withdrawal|Irrigation,,1
Fruits,Fruits_MeditE,Water Withdrawal,Water Withdrawal|Irrigation,,1
Fruits,Fruits_MeditS,Water Withdrawal,Water Withdrawal|Irrigation,,1
Fruits,Fruits_SinaiP,Water Withdrawal,Water Withdrawal|Irrigation,,1
Fruits,FruitsTree_AfrCstS,Water Withdrawal,Water Withdrawal|Irrigation,,1
Fruits,FruitsTree_AfrCstSE,Water Withdrawal,Water Withdrawal|Irrigation,,1
Fruits,FruitsTree_AfrCstSW,Water Withdrawal,Water Withdrawal|Irrigation,,1
Fruits,FruitsTree_AfrIntS,Water Withdrawal,Water Withdrawal|Irrigation,,1
Fruits,FruitsTree_AngolaCst,Water Withdrawal,Water Withdrawal|Irrigation,,1
Fruits,FruitsTree_CongoR,Water Withdrawal,Water Withdrawal|Irrigation,,1
Fruits,FruitsTree_LimpopoR,Water Withdrawal,Water Withdrawal|Irrigation,,1
Fruits,FruitsTree_OrangeR,Water Withdrawal,Water Withdrawal|Irrigation,,1
Fruits,FruitsTree_ZambeziR,Water Withdrawal,Water Withdrawal|Irrigation,,1
Fruits,Fruits_AfrCstS,Water Withdrawal,Water Withdrawal|Irrigation,,1
Fruits,Fruits_AfrCstSE,Water Withdrawal,Water Withdrawal|Irrigation,,1
Fruits,Fruits_AfrIntS,Water Withdrawal,Water Withdrawal|Irrigation,,1
Fruits,Fruits_AngolaCst,Water Withdrawal,Water Withdrawal|Irrigation,,1
Fruits,Fruits_CongoR,Water Withdrawal,Water Withdrawal|Irrigation,,1
Fruits,Fruits_LimpopoR,Water Withdrawal,Water Withdrawal|Irrigation,,1
Fruits,Fruits_ZambeziR,Water Withdrawal,Water Withdrawal|Irrigation,,1
Fruits,FruitsTree_AfrCstW,Water Withdrawal,Water Withdrawal|Irrigation,,1
Fruits,FruitsTree_GuineaGulf,Water Withdrawal,Water Withdrawal|Irrigation,,1
Fruits,FruitsTree_NigerR,Water Withdrawal,Water Withdrawal|Irrigation,,1
Fruits,FruitsTree_SenegalR,Water Withdrawal,Water Withdrawal|Irrigation,,1
Fruits,FruitsTree_VoltaR,Water Withdrawal,Water Withdrawal|Irrigation,,1
Fruits,Fruits_AfrCstW,Water Withdrawal,Water Withdrawal|Irrigation,,1
Fruits,Fruits_GuineaGulf,Water Withdrawal,Water Withdrawal|Irrigation,,1
Fruits,Fruits_LChad,Water Withdrawal,Water Withdrawal|Irrigation,,1
Fruits,Fruits_NigerR,Water Withdrawal,Water Withdrawal|Irrigation,,1
Fruits,Fruits_SenegalR,Water Withdrawal,Water Withdrawal|Irrigation,,1
Fruits,Fruits_VoltaR,Water Withdrawal,Water Withdrawal|Irrigation,,1
Fruits,FruitsTree_ArgColoR,Water Withdrawal,Water Withdrawal|Irrigation,,1
Fruits,FruitsTree_ArgCstN,Water Withdrawal,Water Withdrawal|Irrigation,,1
Fruits,FruitsTree_ArgCstS,Water Withdrawal,Water Withdrawal|Irrigation,,1
Fruits,FruitsTree_ChileCstS,Water Withdrawal,Water Withdrawal|Irrigation,,1
Fruits,FruitsTree_MarChiq,Water Withdrawal,Water Withdrawal|Irrigation,,1
Fruits,FruitsTree_NegroR,Water Withdrawal,Water Withdrawal|Irrigation,,1
Fruits,FruitsTree_Pampas,Water Withdrawal,Water Withdrawal|Irrigation,,1
Fruits,FruitsTree_Patagonia,Water Withdrawal,Water Withdrawal|Irrigation,,1
Fruits,FruitsTree_RioLaPlata,Water Withdrawal,Water Withdrawal|Irrigation,,1
Fruits,FruitsTree_Salinas,Water Withdrawal,Water Withdrawal|Irrigation,,1
Fruits,Fruits_ArgColoR,Water Withdrawal,Water Withdrawal|Irrigation,,1
Fruits,Fruits_ArgCstN,Water Withdrawal,Water Withdrawal|Irrigation,,1
Fruits,Fruits_ArgCstS,Water Withdrawal,Water Withdrawal|Irrigation,,1
Fruits,Fruits_ChileCstS,Water Withdrawal,Water Withdrawal|Irrigation,,1
Fruits,Fruits_MarChiq,Water Withdrawal,Water Withdrawal|Irrigation,,1
Fruits,Fruits_NegroR,Water Withdrawal,Water Withdrawal|Irrigation,,1
Fruits,Fruits_Pampas,Water Withdrawal,Water Withdrawal|Irrigation,,1
Fruits,Fruits_Patagonia,Water Withdrawal,Water Withdrawal|Irrigation,,1
Fruits,Fruits_RioLaPlata,Water Withdrawal,Water Withdrawal|Irrigation,,1
Fruits,Fruits_Salinas,Water Withdrawal,Water Withdrawal|Irrigation,,1
Fruits,FruitsTree_AusCstE,Water Withdrawal,Water Withdrawal|Irrigation,,1
Fruits,FruitsTree_AusCstN,Water Withdrawal,Water Withdrawal|Irrigation,,1
Fruits,FruitsTree_AusCstS,Water Withdrawal,Water Withdrawal|Irrigation,,1
Fruits,FruitsTree_AusCstW,Water Withdrawal,Water Withdrawal|Irrigation,,1
Fruits,FruitsTree_AusInt,Water Withdrawal,Water Withdrawal|Irrigation,,1
Fruits,FruitsTree_MurrayDrlg,Water Withdrawal,Water Withdrawal|Irrigation,,1
Fruits,FruitsTree_NewZealand,Water Withdrawal,Water Withdrawal|Irrigation,,1
Fruits,FruitsTree_Tasmania,Water Withdrawal,Water Withdrawal|Irrigation,,1
Fruits,Fruits_AusCstE,Water Withdrawal,Water Withdrawal|Irrigation,,1
Fruits,Fruits_AusCstN,Water Withdrawal,Water Withdrawal|Irrigation,,1
Fruits,Fruits_AusCstS,Water Withdrawal,Water Withdrawal|Irrigation,,1
Fruits,Fruits_AusCstW,Water Withdrawal,Water Withdrawal|Irrigation,,1
Fruits,Fruits_AusInt,Water Withdrawal,Water Withdrawal|Irrigation,,1
Fruits,Fruits_MurrayDrlg,Water Withdrawal,Water Withdrawal|Irrigation,,1
Fruits,Fruits_NewZealand,Water Withdrawal,Water Withdrawal|Irrigation,,1
Fruits,Fruits_Tasmania,Water Withdrawal,Water Withdrawal|Irrigation,,1
Fruits,FruitsTree_AmazonR,Water Withdrawal,Water Withdrawal|Irrigation,,1
Fruits,FruitsTree_BrzCstE,Water Withdrawal,Water Withdrawal|Irrigation,,1
Fruits,FruitsTree_BrzCstN,Water Withdrawal,Water Withdrawal|Irrigation,,1
Fruits,FruitsTree_BrzCstS,Water Withdrawal,Water Withdrawal|Irrigation,,1
Fruits,FruitsTree_ParnaibaR,Water Withdrawal,Water Withdrawal|Irrigation,,1
Fruits,FruitsTree_SaoFrancR,Water Withdrawal,Water Withdrawal|Irrigation,,1
Fruits,FruitsTree_TocantinsR,Water Withdrawal,Water Withdrawal|Irrigation,,1
Fruits,Fruits_AmazonR,Water Withdrawal,Water Withdrawal|Irrigation,,1
Fruits,Fruits_BrzCstE,Water Withdrawal,Water Withdrawal|Irrigation,,1
Fruits,Fruits_BrzCstN,Water Withdrawal,Water Withdrawal|Irrigation,,1
Fruits,Fruits_BrzCstS,Water Withdrawal,Water Withdrawal|Irrigation,,1
Fruits,Fruits_ParnaibaR,Water Withdrawal,Water Withdrawal|Irrigation,,1
Fruits,Fruits_SaoFrancR,Water Withdrawal,Water Withdrawal|Irrigation,,1
Fruits,Fruits_TocantinsR,Water Withdrawal,Water Withdrawal|Irrigation,,1
Fruits,FruitsTree_CanAtl,Water Withdrawal,Water Withdrawal|Irrigation,,1
Fruits,FruitsTree_FraserR,Water Withdrawal,Water Withdrawal|Irrigation,,1
Fruits,FruitsTree_GreatLakes,Water Withdrawal,Water Withdrawal|Irrigation,,1
Fruits,FruitsTree_HudsonBay,Water Withdrawal,Water Withdrawal|Irrigation,,1
Fruits,FruitsTree_NWTerr,Water Withdrawal,Water Withdrawal|Irrigation,,1
Fruits,FruitsTree_NelsonR,Water Withdrawal,Water Withdrawal|Irrigation,,1
Fruits,FruitsTree_PacArctic,Water Withdrawal,Water Withdrawal|Irrigation,,1
Fruits,FruitsTree_StLwrncR,Water Withdrawal,Water Withdrawal|Irrigation,,1
Fruits,FruitsTree_UsaCstNE,Water Withdrawal,Water Withdrawal|Irrigation,,1
Fruits,FruitsTree_UsaPacNW,Water Withdrawal,Water Withdrawal|Irrigation,,1
Fruits,Fruits_CanAtl,Water Withdrawal,Water Withdrawal|Irrigation,,1
Fruits,Fruits_FraserR,Water Withdrawal,Water Withdrawal|Irrigation,,1
Fruits,Fruits_GreatLakes,Water Withdrawal,Water Withdrawal|Irrigation,,1
Fruits,Fruits_HudsonBay,Water Withdrawal,Water Withdrawal|Irrigation,,1
Fruits,Fruits_Mackenzie,Water Withdrawal,Water Withdrawal|Irrigation,,1
Fruits,Fruits_MissouriR,Water Withdrawal,Water Withdrawal|Irrigation,,1
Fruits,Fruits_NWTerr,Water Withdrawal,Water Withdrawal|Irrigation,,1
Fruits,Fruits_NelsonR,Water Withdrawal,Water Withdrawal|Irrigation,,1
Fruits,Fruits_PacArctic,Water Withdrawal,Water Withdrawal|Irrigation,,1
Fruits,Fruits_StLwrncR,Water Withdrawal,Water Withdrawal|Irrigation,,1
Fruits,Fruits_UsaCstNE,Water Withdrawal,Water Withdrawal|Irrigation,,1
Fruits,Fruits_UsaPacNW,Water Withdrawal,Water Withdrawal|Irrigation,,1
Fruits,FruitsTree_Caribbean,Water Withdrawal,Water Withdrawal|Irrigation,,1
Fruits,FruitsTree_CntAmer,Water Withdrawal,Water Withdrawal|Irrigation,,1
Fruits,FruitsTree_ColEcuaCst,Water Withdrawal,Water Withdrawal|Irrigation,,1
Fruits,FruitsTree_GrijUsuR,Water Withdrawal,Water Withdrawal|Irrigation,,1
Fruits,FruitsTree_SAmerCstN,Water Withdrawal,Water Withdrawal|Irrigation,,1
Fruits,FruitsTree_YucatanP,Water Withdrawal,Water Withdrawal|Irrigation,,1
Fruits,Fruits_Caribbean,Water Withdrawal,Water Withdrawal|Irrigation,,1
Fruits,Fruits_CntAmer,Water Withdrawal,Water Withdrawal|Irrigation,,1
Fruits,Fruits_ColEcuaCst,Water Withdrawal,Water Withdrawal|Irrigation,,1
Fruits,Fruits_GrijUsuR,Water Withdrawal,Water Withdrawal|Irrigation,,1
Fruits,Fruits_SAmerCstN,Water Withdrawal,Water Withdrawal|Irrigation,,1
Fruits,Fruits_YucatanP,Water Withdrawal,Water Withdrawal|Irrigation,,1
Fruits,FruitsTree_AmuDaryaR,Water Withdrawal,Water Withdrawal|Irrigation,,1
Fruits,FruitsTree_AmurR,Water Withdrawal,Water Withdrawal|Irrigation,,1
Fruits,FruitsTree_BlackSeaS,Water Withdrawal,Water Withdrawal|Irrigation,,1
Fruits,FruitsTree_CaspianE,Water Withdrawal,Water Withdrawal|Irrigation,,1
Fruits,FruitsTree_CaspianNE,Water Withdrawal,Water Withdrawal|Irrigation,,1
Fruits,FruitsTree_CaspianSW,Water Withdrawal,Water Withdrawal|Irrigation,,1
Fruits,FruitsTree_Gobi,Water Withdrawal,Water Withdrawal|Irrigation,,1
Fruits,FruitsTree_LBalkash,Water Withdrawal,Water Withdrawal|Irrigation,,1
Fruits,FruitsTree_ObR,Water Withdrawal,Water Withdrawal|Irrigation,,1
Fruits,FruitsTree_SyrDaryaR,Water Withdrawal,Water Withdrawal|Irrigation,,1
Fruits,FruitsTree_UralR,Water Withdrawal,Water Withdrawal|Irrigation,,1
Fruits,FruitsTree_VolgaR,Water Withdrawal,Water Withdrawal|Irrigation,,1
Fruits,FruitsTree_YeniseiR,Water Withdrawal,Water Withdrawal|Irrigation,,1
Fruits,Fruits_AmuDaryaR,Water Withdrawal,Water Withdrawal|Irrigation,,1
Fruits,Fruits_BlackSeaS,Water Withdrawal,Water Withdrawal|Irrigation,,1
Fruits,Fruits_CaspianE,Water Withdrawal,Water Withdrawal|Irrigation,,1
Fruits,Fruits_CaspianNE,Water Withdrawal,Water Withdrawal|Irrigation,,1
Fruits,Fruits_CaspianSW,Water Withdrawal,Water Withdrawal|Irrigation,,1
Fruits,Fruits_Gobi,Water Withdrawal,Water Withdrawal|Irrigation,,1
Fruits,Fruits_LBalkash,Water Withdrawal,Water Withdrawal|Irrigation,,1
Fruits,Fruits_ObR,Water Withdrawal,Water Withdrawal|Irrigation,,1
Fruits,Fruits_SyrDaryaR,Water Withdrawal,Water Withdrawal|Irrigation,,1
Fruits,Fruits_UralR,Water Withdrawal,Water Withdrawal|Irrigation,,1
Fruits,Fruits_VolgaR,Water Withdrawal,Water Withdrawal|Irrigation,,1
Fruits,FruitsTree_BoHai,Water Withdrawal,Water Withdrawal|Irrigation,,1
Fruits,FruitsTree_ChinaCst,Water Withdrawal,Water Withdrawal|Irrigation,,1
Fruits,FruitsTree_GangesR,Water Withdrawal,Water Withdrawal|Irrigation,,1
Fruits,FruitsTree_Hainan,Water Withdrawal,Water Withdrawal|Irrigation,,1
Fruits,FruitsTree_Hong,Water Withdrawal,Water Withdrawal|Irrigation,,1
Fruits,FruitsTree_HuangHeR,Water Withdrawal,Water Withdrawal|Irrigation,,1
Fruits,FruitsTree_IndusR,Water Withdrawal,Water Withdrawal|Irrigation,,1
Fruits,FruitsTree_IrrawaddyR,Water Withdrawal,Water Withdrawal|Irrigation,,1
Fruits,FruitsTree_Mekong,Water Withdrawal,Water Withdrawal|Irrigation,,1
Fruits,FruitsTree_RusCstSE,Water Withdrawal,Water Withdrawal|Irrigation,,1
Fruits,FruitsTree_SChinaSea,Water Withdrawal,Water Withdrawal|Irrigation,,1
Fruits,FruitsTree_Salween,Water Withdrawal,Water Withdrawal|Irrigation,,1
Fruits,FruitsTree_Tarim,Water Withdrawal,Water Withdrawal|Irrigation,,1
Fruits,FruitsTree_XunJiang,Water Withdrawal,Water Withdrawal|Irrigation,,1
Fruits,FruitsTree_Yangtze,Water Withdrawal,Water Withdrawal|Irrigation,,1
Fruits,FruitsTree_ZiyaHe,Water Withdrawal,Water Withdrawal|Irrigation,,1
Fruits,Fruits_AmurR,Water Withdrawal,Water Withdrawal|Irrigation,,1
Fruits,Fruits_BoHai,Water Withdrawal,Water Withdrawal|Irrigation,,1
Fruits,Fruits_ChinaCst,Water Withdrawal,Water Withdrawal|Irrigation,,1
Fruits,Fruits_GangesR,Water Withdrawal,Water Withdrawal|Irrigation,,1
Fruits,Fruits_Hainan,Water Withdrawal,Water Withdrawal|Irrigation,,1
Fruits,Fruits_Hong,Water Withdrawal,Water Withdrawal|Irrigation,,1
Fruits,Fruits_HuangHeR,Water Withdrawal,Water Withdrawal|Irrigation,,1
Fruits,Fruits_IrrawaddyR,Water Withdrawal,Water Withdrawal|Irrigation,,1
Fruits,Fruits_Mekong,Water Withdrawal,Water Withdrawal|Irrigation,,1
Fruits,Fruits_RusCstSE,Water Withdrawal,Water Withdrawal|Irrigation,,1
Fruits,Fruits_SChinaSea,Water Withdrawal,Water Withdrawal|Irrigation,,1
Fruits,Fruits_Salween,Water Withdrawal,Water Withdrawal|Irrigation,,1
Fruits,Fruits_Tarim,Water Withdrawal,Water Withdrawal|Irrigation,,1
Fruits,Fruits_XunJiang,Water Withdrawal,Water Withdrawal|Irrigation,,1
Fruits,Fruits_Yangtze,Water Withdrawal,Water Withdrawal|Irrigation,,1
Fruits,Fruits_ZiyaHe,Water Withdrawal,Water Withdrawal|Irrigation,,1
Fruits,FruitsTree_MagdalenaR,Water Withdrawal,Water Withdrawal|Irrigation,,1
Fruits,FruitsTree_OrinocoR,Water Withdrawal,Water Withdrawal|Irrigation,,1
Fruits,Fruits_MagdalenaR,Water Withdrawal,Water Withdrawal|Irrigation,,1
Fruits,Fruits_OrinocoR,Water Withdrawal,Water Withdrawal|Irrigation,,1
Fruits,FruitsTree_AdrBlkSea,Water Withdrawal,Water Withdrawal|Irrigation,,1
Fruits,FruitsTree_BalticSea,Water Withdrawal,Water Withdrawal|Irrigation,,1
Fruits,FruitsTree_DanubeR,Water Withdrawal,Water Withdrawal|Irrigation,,1
Fruits,FruitsTree_DnkGrmCst,Water Withdrawal,Water Withdrawal|Irrigation,,1
Fruits,FruitsTree_ElbeR,Water Withdrawal,Water Withdrawal|Irrigation,,1
Fruits,FruitsTree_NarvaR,Water Withdrawal,Water Withdrawal|Irrigation,,1
Fruits,FruitsTree_NemanR,Water Withdrawal,Water Withdrawal|Irrigation,,1
Fruits,FruitsTree_OderR,Water Withdrawal,Water Withdrawal|Irrigation,,1
Fruits,FruitsTree_PolandCst,Water Withdrawal,Water Withdrawal|Irrigation,,1
Fruits,FruitsTree_WislaR,Water Withdrawal,Water Withdrawal|Irrigation,,1
Fruits,Fruits_AdrBlkSea,Water Withdrawal,Water Withdrawal|Irrigation,,1
Fruits,Fruits_BalticSea,Water Withdrawal,Water Withdrawal|Irrigation,,1
Fruits,Fruits_DanubeR,Water Withdrawal,Water Withdrawal|Irrigation,,1
Fruits,Fruits_DnkGrmCst,Water Withdrawal,Water Withdrawal|Irrigation,,1
Fruits,Fruits_ElbeR,Water Withdrawal,Water Withdrawal|Irrigation,,1
Fruits,Fruits_NarvaR,Water Withdrawal,Water Withdrawal|Irrigation,,1
Fruits,Fruits_NemanR,Water Withdrawal,Water Withdrawal|Irrigation,,1
Fruits,Fruits_OderR,Water Withdrawal,Water Withdrawal|Irrigation,,1
Fruits,Fruits_PolandCst,Water Withdrawal,Water Withdrawal|Irrigation,,1
Fruits,Fruits_WislaR,Water Withdrawal,Water Withdrawal|Irrigation,,1
Fruits,FruitsTree_DouroR,Water Withdrawal,Water Withdrawal|Irrigation,,1
Fruits,FruitsTree_EbroR,Water Withdrawal,Water Withdrawal|Irrigation,,1
Fruits,FruitsTree_EmsWeserR,Water Withdrawal,Water Withdrawal|Irrigation,,1
Fruits,FruitsTree_EngWales,Water Withdrawal,Water Withdrawal|Irrigation,,1
Fruits,FruitsTree_FranceCstS,Water Withdrawal,Water Withdrawal|Irrigation,,1
Fruits,FruitsTree_FranceCstW,Water Withdrawal,Water Withdrawal|Irrigation,,1
Fruits,FruitsTree_Gironde,Water Withdrawal,Water Withdrawal|Irrigation,,1
Fruits,FruitsTree_GuadalqR,Water Withdrawal,Water Withdrawal|Irrigation,,1
Fruits,FruitsTree_GuadianaR,Water Withdrawal,Water Withdrawal|Irrigation,,1
Fruits,FruitsTree_IberiaCst,Water Withdrawal,Water Withdrawal|Irrigation,,1
Fruits,FruitsTree_Ireland,Water Withdrawal,Water Withdrawal|Irrigation,,1
Fruits,FruitsTree_ItalyCstE,Water Withdrawal,Water Withdrawal|Irrigation,,1
Fruits,FruitsTree_ItalyCstW,Water Withdrawal,Water Withdrawal|Irrigation,,1
Fruits,FruitsTree_LoireR,Water Withdrawal,Water Withdrawal|Irrigation,,1
Fruits,FruitsTree_MeditIsl,Water Withdrawal,Water Withdrawal|Irrigation,,1
Fruits,FruitsTree_PoR,Water Withdrawal,Water Withdrawal|Irrigation,,1
Fruits,FruitsTree_RhineR,Water Withdrawal,Water Withdrawal|Irrigation,,1
Fruits,FruitsTree_RhoneR,Water Withdrawal,Water Withdrawal|Irrigation,,1
Fruits,FruitsTree_ScheldtR,Water Withdrawal,Water Withdrawal|Irrigation,,1
Fruits,FruitsTree_Scotland,Water Withdrawal,Water Withdrawal|Irrigation,,1
Fruits,FruitsTree_SeineR,Water Withdrawal,Water Withdrawal|Irrigation,,1
Fruits,FruitsTree_SpainCstSE,Water Withdrawal,Water Withdrawal|Irrigation,,1
Fruits,FruitsTree_Sweden,Water Withdrawal,Water Withdrawal|Irrigation,,1
Fruits,FruitsTree_TagusR,Water Withdrawal,Water Withdrawal|Irrigation,,1
Fruits,FruitsTree_TiberR,Water Withdrawal,Water Withdrawal|Irrigation,,1
Fruits,Fruits_DouroR,Water Withdrawal,Water Withdrawal|Irrigation,,1
Fruits,Fruits_EbroR,Water Withdrawal,Water Withdrawal|Irrigation,,1
Fruits,Fruits_EmsWeserR,Water Withdrawal,Water Withdrawal|Irrigation,,1
Fruits,Fruits_EngWales,Water Withdrawal,Water Withdrawal|Irrigation,,1
Fruits,Fruits_FranceCstS,Water Withdrawal,Water Withdrawal|Irrigation,,1
Fruits,Fruits_FranceCstW,Water Withdrawal,Water Withdrawal|Irrigation,,1
Fruits,Fruits_Gironde,Water Withdrawal,Water Withdrawal|Irrigation,,1
Fruits,Fruits_GuadalqR,Water Withdrawal,Water Withdrawal|Irrigation,,1
Fruits,Fruits_GuadianaR,Water Withdrawal,Water Withdrawal|Irrigation,,1
Fruits,Fruits_IberiaCst,Water Withdrawal,Water Withdrawal|Irrigation,,1
Fruits,Fruits_Ireland,Water Withdrawal,Water Withdrawal|Irrigation,,1
Fruits,Fruits_ItalyCstE,Water Withdrawal,Water Withdrawal|Irrigation,,1
Fruits,Fruits_ItalyCstW,Water Withdrawal,Water Withdrawal|Irrigation,,1
Fruits,Fruits_LoireR,Water Withdrawal,Water Withdrawal|Irrigation,,1
Fruits,Fruits_MeditIsl,Water Withdrawal,Water Withdrawal|Irrigation,,1
Fruits,Fruits_PoR,Water Withdrawal,Water Withdrawal|Irrigation,,1
Fruits,Fruits_RhineR,Water Withdrawal,Water Withdrawal|Irrigation,,1
Fruits,Fruits_RhoneR,Water Withdrawal,Water Withdrawal|Irrigation,,1
Fruits,Fruits_ScheldtR,Water Withdrawal,Water Withdrawal|Irrigation,,1
Fruits,Fruits_Scotland,Water Withdrawal,Water Withdrawal|Irrigation,,1
Fruits,Fruits_SeineR,Water Withdrawal,Water Withdrawal|Irrigation,,1
Fruits,Fruits_SpainCstSE,Water Withdrawal,Water Withdrawal|Irrigation,,1
Fruits,Fruits_Sweden,Water Withdrawal,Water Withdrawal|Irrigation,,1
Fruits,Fruits_TagusR,Water Withdrawal,Water Withdrawal|Irrigation,,1
Fruits,Fruits_TiberR,Water Withdrawal,Water Withdrawal|Irrigation,,1
Fruits,FruitsTree_BlackSeaN,Water Withdrawal,Water Withdrawal|Irrigation,,1
Fruits,FruitsTree_DniesterR,Water Withdrawal,Water Withdrawal|Irrigation,,1
Fruits,Fruits_BlackSeaN,Water Withdrawal,Water Withdrawal|Irrigation,,1
Fruits,Fruits_DniesterR,Water Withdrawal,Water Withdrawal|Irrigation,,1
Fruits,FruitsTree_EJrdnSyr,Water Withdrawal,Water Withdrawal|Irrigation,,1
Fruits,FruitsTree_TigrEuphR,Water Withdrawal,Water Withdrawal|Irrigation,,1
Fruits,Fruits_EJrdnSyr,Water Withdrawal,Water Withdrawal|Irrigation,,1
Fruits,Fruits_TigrEuphR,Water Withdrawal,Water Withdrawal|Irrigation,,1
Fruits,FruitsTree_ScndnvN,Water Withdrawal,Water Withdrawal|Irrigation,,1
Fruits,Fruits_ScndnvN,Water Withdrawal,Water Withdrawal|Irrigation,,1
Fruits,FruitsTree_BengalW,Water Withdrawal,Water Withdrawal|Irrigation,,1
Fruits,FruitsTree_BrahmaniR,Water Withdrawal,Water Withdrawal|Irrigation,,1
Fruits,FruitsTree_CauveryR,Water Withdrawal,Water Withdrawal|Irrigation,,1
Fruits,FruitsTree_GodavariR,Water Withdrawal,Water Withdrawal|Irrigation,,1
Fruits,FruitsTree_IndCstE,Water Withdrawal,Water Withdrawal|Irrigation,,1
Fruits,FruitsTree_IndCstNE,Water Withdrawal,Water Withdrawal|Irrigation,,1
Fruits,FruitsTree_IndCstS,Water Withdrawal,Water Withdrawal|Irrigation,,1
Fruits,FruitsTree_IndCstW,Water Withdrawal,Water Withdrawal|Irrigation,,1
Fruits,FruitsTree_KrishnaR,Water Withdrawal,Water Withdrawal|Irrigation,,1
Fruits,FruitsTree_MahanadiR,Water Withdrawal,Water Withdrawal|Irrigation,,1
Fruits,FruitsTree_MahiR,Water Withdrawal,Water Withdrawal|Irrigation,,1
Fruits,FruitsTree_NarmadaR,Water Withdrawal,Water Withdrawal|Irrigation,,1
Fruits,FruitsTree_PennarR,Water Withdrawal,Water Withdrawal|Irrigation,,1
Fruits,FruitsTree_SabarmatiR,Water Withdrawal,Water Withdrawal|Irrigation,,1
Fruits,FruitsTree_TaptiR,Water Withdrawal,Water Withdrawal|Irrigation,,1
Fruits,Fruits_BengalW,Water Withdrawal,Water Withdrawal|Irrigation,,1
Fruits,Fruits_BrahmaniR,Water Withdrawal,Water Withdrawal|Irrigation,,1
Fruits,Fruits_CauveryR,Water Withdrawal,Water Withdrawal|Irrigation,,1
Fruits,Fruits_GodavariR,Water Withdrawal,Water Withdrawal|Irrigation,,1
Fruits,Fruits_IndCstE,Water Withdrawal,Water Withdrawal|Irrigation,,1
Fruits,Fruits_IndCstS,Water Withdrawal,Water Withdrawal|Irrigation,,1
Fruits,Fruits_IndCstW,Water Withdrawal,Water Withdrawal|Irrigation,,1
Fruits,Fruits_KrishnaR,Water Withdrawal,Water Withdrawal|Irrigation,,1
Fruits,Fruits_MahanadiR,Water Withdrawal,Water Withdrawal|Irrigation,,1
Fruits,Fruits_PennarR,Water Withdrawal,Water Withdrawal|Irrigation,,1
Fruits,Fruits_TaptiR,Water Withdrawal,Water Withdrawal|Irrigation,,1
Fruits,FruitsTree_Japan,Water Withdrawal,Water Withdrawal|Irrigation,,1
Fruits,FruitsTree_Taiwan,Water Withdrawal,Water Withdrawal|Irrigation,,1
Fruits,Fruits_Japan,Water Withdrawal,Water Withdrawal|Irrigation,,1
Fruits,Fruits_Taiwan,Water Withdrawal,Water Withdrawal|Irrigation,,1
Fruits,FruitsTree_California,Water Withdrawal,Water Withdrawal|Irrigation,,1
Fruits,FruitsTree_MexBaja,Water Withdrawal,Water Withdrawal|Irrigation,,1
Fruits,FruitsTree_MexCstNW,Water Withdrawal,Water Withdrawal|Irrigation,,1
Fruits,FruitsTree_MexCstW,Water Withdrawal,Water Withdrawal|Irrigation,,1
Fruits,FruitsTree_MexGulf,Water Withdrawal,Water Withdrawal|Irrigation,,1
Fruits,FruitsTree_MexInt,Water Withdrawal,Water Withdrawal|Irrigation,,1
Fruits,FruitsTree_Papaloapan,Water Withdrawal,Water Withdrawal|Irrigation,,1
Fruits,FruitsTree_RioBalsas,Water Withdrawal,Water Withdrawal|Irrigation,,1
Fruits,FruitsTree_RioGrande,Water Withdrawal,Water Withdrawal|Irrigation,,1
Fruits,FruitsTree_RioLerma,Water Withdrawal,Water Withdrawal|Irrigation,,1
Fruits,FruitsTree_RioVerde,Water Withdrawal,Water Withdrawal|Irrigation,,1
Fruits,FruitsTree_Tehuantpc,Water Withdrawal,Water Withdrawal|Irrigation,,1
Fruits,FruitsTree_UsaColoRS,Water Withdrawal,Water Withdrawal|Irrigation,,1
Fruits,Fruits_California,Water Withdrawal,Water Withdrawal|Irrigation,,1
Fruits,Fruits_MexBaja,Water Withdrawal,Water Withdrawal|Irrigation,,1
Fruits,Fruits_MexCstNW,Water Withdrawal,Water Withdrawal|Irrigation,,1
Fruits,Fruits_MexCstW,Water Withdrawal,Water Withdrawal|Irrigation,,1
Fruits,Fruits_MexGulf,Water Withdrawal,Water Withdrawal|Irrigation,,1
Fruits,Fruits_MexInt,Water Withdrawal,Water Withdrawal|Irrigation,,1
Fruits,Fruits_Papaloapan,Water Withdrawal,Water Withdrawal|Irrigation,,1
Fruits,Fruits_RioBalsas,Water Withdrawal,Water Withdrawal|Irrigation,,1
Fruits,Fruits_RioGrande,Water Withdrawal,Water Withdrawal|Irrigation,,1
Fruits,Fruits_RioLerma,Water Withdrawal,Water Withdrawal|Irrigation,,1
Fruits,Fruits_RioVerde,Water Withdrawal,Water Withdrawal|Irrigation,,1
Fruits,Fruits_Tehuantpc,Water Withdrawal,Water Withdrawal|Irrigation,,1
Fruits,Fruits_UsaColoRS,Water Withdrawal,Water Withdrawal|Irrigation,,1
Fruits,FruitsTree_ArabianP,Water Withdrawal,Water Withdrawal|Irrigation,,1
Fruits,FruitsTree_ArabianSea,Water Withdrawal,Water Withdrawal|Irrigation,,1
Fruits,FruitsTree_DeadSea,Water Withdrawal,Water Withdrawal|Irrigation,,1
Fruits,FruitsTree_FarahrudR,Water Withdrawal,Water Withdrawal|Irrigation,,1
Fruits,FruitsTree_HamuMashR,Water Withdrawal,Water Withdrawal|Irrigation,,1
Fruits,FruitsTree_Helmand,Water Withdrawal,Water Withdrawal|Irrigation,,1
Fruits,FruitsTree_Iran,Water Withdrawal,Water Withdrawal|Irrigation,,1
Fruits,FruitsTree_PersianGulf,Water Withdrawal,Water Withdrawal|Irrigation,,1
Fruits,FruitsTree_RedSeaE,Water Withdrawal,Water Withdrawal|Irrigation,,1
Fruits,Fruits_ArabianP,Water Withdrawal,Water Withdrawal|Irrigation,,1
Fruits,Fruits_DeadSea,Water Withdrawal,Water Withdrawal|Irrigation,,1
Fruits,Fruits_FarahrudR,Water Withdrawal,Water Withdrawal|Irrigation,,1
Fruits,Fruits_HamuMashR,Water Withdrawal,Water Withdrawal|Irrigation,,1
Fruits,Fruits_Helmand,Water Withdrawal,Water Withdrawal|Irrigation,,1
Fruits,Fruits_Iran,Water Withdrawal,Water Withdrawal|Irrigation,,1
Fruits,Fruits_PersianGulf,Water Withdrawal,Water Withdrawal|Irrigation,,1
Fruits,Fruits_RedSeaE,Water Withdrawal,Water Withdrawal|Irrigation,,1
Fruits,FruitsTree_AfrCstSSW,Water Withdrawal,Water Withdrawal|Irrigation,,1
Fruits,Fruits_AfrCstSSW,Water Withdrawal,Water Withdrawal|Irrigation,,1
Fruits,Fruits_OrangeR,Water Withdrawal,Water Withdrawal|Irrigation,,1
Fruits,FruitsTree_SAmerCstNE,Water Withdrawal,Water Withdrawal|Irrigation,,1
Fruits,Fruits_SAmerCstNE,Water Withdrawal,Water Withdrawal|Irrigation,,1
Fruits,FruitsTree_ChileCstN,Water Withdrawal,Water Withdrawal|Irrigation,,1
Fruits,FruitsTree_LaPuna,Water Withdrawal,Water Withdrawal|Irrigation,,1
Fruits,FruitsTree_PeruCst,Water Withdrawal,Water Withdrawal|Irrigation,,1
Fruits,Fruits_ChileCstN,Water Withdrawal,Water Withdrawal|Irrigation,,1
Fruits,Fruits_LaPuna,Water Withdrawal,Water Withdrawal|Irrigation,,1
Fruits,Fruits_PeruCst,Water Withdrawal,Water Withdrawal|Irrigation,,1
Fruits,FruitsTree_Korea,Water Withdrawal,Water Withdrawal|Irrigation,,1
Fruits,Fruits_Korea,Water Withdrawal,Water Withdrawal|Irrigation,,1
Fruits,FruitsTree_BengalBay,Water Withdrawal,Water Withdrawal|Irrigation,,1
Fruits,FruitsTree_BorneoCstN,Water Withdrawal,Water Withdrawal|Irrigation,,1
Fruits,FruitsTree_ChaoPhrR,Water Withdrawal,Water Withdrawal|Irrigation,,1
Fruits,FruitsTree_MalaysiaP,Water Withdrawal,Water Withdrawal|Irrigation,,1
Fruits,FruitsTree_SittaungR,Water Withdrawal,Water Withdrawal|Irrigation,,1
Fruits,FruitsTree_ThaiGulf,Water Withdrawal,Water Withdrawal|Irrigation,,1
Fruits,FruitsTree_VietnamCst,Water Withdrawal,Water Withdrawal|Irrigation,,1
Fruits,Fruits_BorneoCstN,Water Withdrawal,Water Withdrawal|Irrigation,,1
Fruits,Fruits_ChaoPhrR,Water Withdrawal,Water Withdrawal|Irrigation,,1
Fruits,Fruits_MalaysiaP,Water Withdrawal,Water Withdrawal|Irrigation,,1
Fruits,Fruits_ThaiGulf,Water Withdrawal,Water Withdrawal|Irrigation,,1
Fruits,Fruits_VietnamCst,Water Withdrawal,Water Withdrawal|Irrigation,,1
Fruits,FruitsTree_ArkWhtRedR,Water Withdrawal,Water Withdrawal|Irrigation,,1
Fruits,FruitsTree_GreatBasin,Water Withdrawal,Water Withdrawal|Irrigation,,1
Fruits,FruitsTree_MissouriR,Water Withdrawal,Water Withdrawal|Irrigation,,1
Fruits,FruitsTree_MissppRN,Water Withdrawal,Water Withdrawal|Irrigation,,1
Fruits,FruitsTree_MissppRS,Water Withdrawal,Water Withdrawal|Irrigation,,1
Fruits,FruitsTree_OhioR,Water Withdrawal,Water Withdrawal|Irrigation,,1
Fruits,FruitsTree_TennR,Water Withdrawal,Water Withdrawal|Irrigation,,1
Fruits,FruitsTree_TexasCst,Water Withdrawal,Water Withdrawal|Irrigation,,1
Fruits,FruitsTree_UsaColoRN,Water Withdrawal,Water Withdrawal|Irrigation,,1
Fruits,FruitsTree_UsaCstE,Water Withdrawal,Water Withdrawal|Irrigation,,1
Fruits,FruitsTree_UsaCstSE,Water Withdrawal,Water Withdrawal|Irrigation,,1
Fruits,Fruits_ArkWhtRedR,Water Withdrawal,Water Withdrawal|Irrigation,,1
Fruits,Fruits_GreatBasin,Water Withdrawal,Water Withdrawal|Irrigation,,1
Fruits,Fruits_MissppRN,Water Withdrawal,Water Withdrawal|Irrigation,,1
Fruits,Fruits_MissppRS,Water Withdrawal,Water Withdrawal|Irrigation,,1
Fruits,Fruits_OhioR,Water Withdrawal,Water Withdrawal|Irrigation,,1
Fruits,Fruits_TennR,Water Withdrawal,Water Withdrawal|Irrigation,,1
Fruits,Fruits_TexasCst,Water Withdrawal,Water Withdrawal|Irrigation,,1
Fruits,Fruits_UsaColoRN,Water Withdrawal,Water Withdrawal|Irrigation,,1
Fruits,Fruits_UsaCstE,Water Withdrawal,Water Withdrawal|Irrigation,,1
Fruits,Fruits_UsaCstSE,Water Withdrawal,Water Withdrawal|Irrigation,,1
H2 central production,biomass,Water Withdrawal,"?? Does not exists ""other sector""?",,1
H2 central production,electricity,Water Withdrawal,,,1
H2 central production,gas,Water Withdrawal,,,1
H2 central production,nuclear,Water Withdrawal,,,1
H2 central production,solar,Water Withdrawal,,,1
H2 central production,wind,Water Withdrawal,,,1
H2 industrial,onsite production,Water Withdrawal,,,1
H2 wholesale dispensing,forecourt production,Water Withdrawal,,,1
Legumes,Legumes_AfrCstNE,Water Withdrawal,Water Withdrawal|Irrigation,,1
Legumes,Legumes_LChad,Water Withdrawal,Water Withdrawal|Irrigation,,1
Legumes,Legumes_NileR,Water Withdrawal,Water Withdrawal|Irrigation,,1
Legumes,Legumes_RiftValley,Water Withdrawal,Water Withdrawal|Irrigation,,1
Legumes,Legumes_ShebJubR,Water Withdrawal,Water Withdrawal|Irrigation,,1
Legumes,Legumes_AfrCstNW,Water Withdrawal,Water Withdrawal|Irrigation,,1
Legumes,Legumes_AfrIntN,Water Withdrawal,Water Withdrawal|Irrigation,,1
Legumes,Legumes_MeditE,Water Withdrawal,Water Withdrawal|Irrigation,,1
Legumes,Legumes_MeditS,Water Withdrawal,Water Withdrawal|Irrigation,,1
Legumes,Legumes_SinaiP,Water Withdrawal,Water Withdrawal|Irrigation,,1
Legumes,Legumes_AfrCstSE,Water Withdrawal,Water Withdrawal|Irrigation,,1
Legumes,Legumes_LimpopoR,Water Withdrawal,Water Withdrawal|Irrigation,,1
Legumes,Legumes_ZambeziR,Water Withdrawal,Water Withdrawal|Irrigation,,1
Legumes,Legumes_ArgColoR,Water Withdrawal,Water Withdrawal|Irrigation,,1
Legumes,Legumes_ArgCstN,Water Withdrawal,Water Withdrawal|Irrigation,,1
Legumes,Legumes_ArgCstS,Water Withdrawal,Water Withdrawal|Irrigation,,1
Legumes,Legumes_ChileCstS,Water Withdrawal,Water Withdrawal|Irrigation,,1
Legumes,Legumes_MarChiq,Water Withdrawal,Water Withdrawal|Irrigation,,1
Legumes,Legumes_NegroR,Water Withdrawal,Water Withdrawal|Irrigation,,1
Legumes,Legumes_Pampas,Water Withdrawal,Water Withdrawal|Irrigation,,1
Legumes,Legumes_RioLaPlata,Water Withdrawal,Water Withdrawal|Irrigation,,1
Legumes,Legumes_Salinas,Water Withdrawal,Water Withdrawal|Irrigation,,1
Legumes,Legumes_AmazonR,Water Withdrawal,Water Withdrawal|Irrigation,,1
Legumes,Legumes_BrzCstE,Water Withdrawal,Water Withdrawal|Irrigation,,1
Legumes,Legumes_BrzCstN,Water Withdrawal,Water Withdrawal|Irrigation,,1
Legumes,Legumes_BrzCstS,Water Withdrawal,Water Withdrawal|Irrigation,,1
Legumes,Legumes_ParnaibaR,Water Withdrawal,Water Withdrawal|Irrigation,,1
Legumes,Legumes_SaoFrancR,Water Withdrawal,Water Withdrawal|Irrigation,,1
Legumes,Legumes_TocantinsR,Water Withdrawal,Water Withdrawal|Irrigation,,1
Legumes,Legumes_Caribbean,Water Withdrawal,Water Withdrawal|Irrigation,,1
Legumes,Legumes_CntAmer,Water Withdrawal,Water Withdrawal|Irrigation,,1
Legumes,Legumes_YucatanP,Water Withdrawal,Water Withdrawal|Irrigation,,1
Legumes,Legumes_AmuDaryaR,Water Withdrawal,Water Withdrawal|Irrigation,,1
Legumes,Legumes_CaspianE,Water Withdrawal,Water Withdrawal|Irrigation,,1
Legumes,Legumes_LBalkash,Water Withdrawal,Water Withdrawal|Irrigation,,1
Legumes,Legumes_SyrDaryaR,Water Withdrawal,Water Withdrawal|Irrigation,,1
Legumes,Legumes_BoHai,Water Withdrawal,Water Withdrawal|Irrigation,,1
Legumes,Legumes_DanubeR,Water Withdrawal,Water Withdrawal|Irrigation,,1
Legumes,Legumes_AdrBlkSea,Water Withdrawal,Water Withdrawal|Irrigation,,1
Legumes,Legumes_DouroR,Water Withdrawal,Water Withdrawal|Irrigation,,1
Legumes,Legumes_EbroR,Water Withdrawal,Water Withdrawal|Irrigation,,1
Legumes,Legumes_FranceCstS,Water Withdrawal,Water Withdrawal|Irrigation,,1
Legumes,Legumes_FranceCstW,Water Withdrawal,Water Withdrawal|Irrigation,,1
Legumes,Legumes_Gironde,Water Withdrawal,Water Withdrawal|Irrigation,,1
Legumes,Legumes_GuadalqR,Water Withdrawal,Water Withdrawal|Irrigation,,1
Legumes,Legumes_GuadianaR,Water Withdrawal,Water Withdrawal|Irrigation,,1
Legumes,Legumes_IberiaCst,Water Withdrawal,Water Withdrawal|Irrigation,,1
Legumes,Legumes_LoireR,Water Withdrawal,Water Withdrawal|Irrigation,,1
Legumes,Legumes_MeditIsl,Water Withdrawal,Water Withdrawal|Irrigation,,1
Legumes,Legumes_RhineR,Water Withdrawal,Water Withdrawal|Irrigation,,1
Legumes,Legumes_RhoneR,Water Withdrawal,Water Withdrawal|Irrigation,,1
Legumes,Legumes_ScheldtR,Water Withdrawal,Water Withdrawal|Irrigation,,1
Legumes,Legumes_SeineR,Water Withdrawal,Water Withdrawal|Irrigation,,1
Legumes,Legumes_SpainCstSE,Water Withdrawal,Water Withdrawal|Irrigation,,1
Legumes,Legumes_TagusR,Water Withdrawal,Water Withdrawal|Irrigation,,1
Legumes,Legumes_BlackSeaN,Water Withdrawal,Water Withdrawal|Irrigation,,1
Legumes,Legumes_DaugavaR,Water Withdrawal,Water Withdrawal|Irrigation,,1
Legumes,Legumes_DnieperR,Water Withdrawal,Water Withdrawal|Irrigation,,1
Legumes,Legumes_DniesterR,Water Withdrawal,Water Withdrawal|Irrigation,,1
Legumes,Legumes_NemanR,Water Withdrawal,Water Withdrawal|Irrigation,,1
Legumes,Legumes_WislaR,Water Withdrawal,Water Withdrawal|Irrigation,,1
Legumes,Legumes_BlackSeaS,Water Withdrawal,Water Withdrawal|Irrigation,,1
Legumes,Legumes_CaspianSW,Water Withdrawal,Water Withdrawal|Irrigation,,1
Legumes,Legumes_EJrdnSyr,Water Withdrawal,Water Withdrawal|Irrigation,,1
Legumes,Legumes_TigrEuphR,Water Withdrawal,Water Withdrawal|Irrigation,,1
Legumes,Legumes_BengalBay,Water Withdrawal,Water Withdrawal|Irrigation,,1
Legumes,Legumes_BengalW,Water Withdrawal,Water Withdrawal|Irrigation,,1
Legumes,Legumes_BrahmaniR,Water Withdrawal,Water Withdrawal|Irrigation,,1
Legumes,Legumes_CauveryR,Water Withdrawal,Water Withdrawal|Irrigation,,1
Legumes,Legumes_GangesR,Water Withdrawal,Water Withdrawal|Irrigation,,1
Legumes,Legumes_GodavariR,Water Withdrawal,Water Withdrawal|Irrigation,,1
Legumes,Legumes_IndCstE,Water Withdrawal,Water Withdrawal|Irrigation,,1
Legumes,Legumes_IndCstNE,Water Withdrawal,Water Withdrawal|Irrigation,,1
Legumes,Legumes_IndCstS,Water Withdrawal,Water Withdrawal|Irrigation,,1
Legumes,Legumes_IndCstW,Water Withdrawal,Water Withdrawal|Irrigation,,1
Legumes,Legumes_IndusR,Water Withdrawal,Water Withdrawal|Irrigation,,1
Legumes,Legumes_KrishnaR,Water Withdrawal,Water Withdrawal|Irrigation,,1
Legumes,Legumes_MahanadiR,Water Withdrawal,Water Withdrawal|Irrigation,,1
Legumes,Legumes_MahiR,Water Withdrawal,Water Withdrawal|Irrigation,,1
Legumes,Legumes_NarmadaR,Water Withdrawal,Water Withdrawal|Irrigation,,1
Legumes,Legumes_PennarR,Water Withdrawal,Water Withdrawal|Irrigation,,1
Legumes,Legumes_SabarmatiR,Water Withdrawal,Water Withdrawal|Irrigation,,1
Legumes,Legumes_TaptiR,Water Withdrawal,Water Withdrawal|Irrigation,,1
Legumes,Legumes_BorneoCstN,Water Withdrawal,Water Withdrawal|Irrigation,,1
Legumes,Legumes_IdnE,Water Withdrawal,Water Withdrawal|Irrigation,,1
Legumes,Legumes_IrianJaya,Water Withdrawal,Water Withdrawal|Irrigation,,1
Legumes,Legumes_JavaTimor,Water Withdrawal,Water Withdrawal|Irrigation,,1
Legumes,Legumes_Kalimantan,Water Withdrawal,Water Withdrawal|Irrigation,,1
Legumes,Legumes_Sulawesi,Water Withdrawal,Water Withdrawal|Irrigation,,1
Legumes,Legumes_Sumatra,Water Withdrawal,Water Withdrawal|Irrigation,,1
Legumes,Legumes_Japan,Water Withdrawal,Water Withdrawal|Irrigation,,1
Legumes,Legumes_Taiwan,Water Withdrawal,Water Withdrawal|Irrigation,,1
Legumes,Legumes_California,Water Withdrawal,Water Withdrawal|Irrigation,,1
Legumes,Legumes_GrijUsuR,Water Withdrawal,Water Withdrawal|Irrigation,,1
Legumes,Legumes_MexBaja,Water Withdrawal,Water Withdrawal|Irrigation,,1
Legumes,Legumes_MexCstNW,Water Withdrawal,Water Withdrawal|Irrigation,,1
Legumes,Legumes_MexCstW,Water Withdrawal,Water Withdrawal|Irrigation,,1
Legumes,Legumes_MexGulf,Water Withdrawal,Water Withdrawal|Irrigation,,1
Legumes,Legumes_MexInt,Water Withdrawal,Water Withdrawal|Irrigation,,1
Legumes,Legumes_Papaloapan,Water Withdrawal,Water Withdrawal|Irrigation,,1
Legumes,Legumes_RioBalsas,Water Withdrawal,Water Withdrawal|Irrigation,,1
Legumes,Legumes_RioGrande,Water Withdrawal,Water Withdrawal|Irrigation,,1
Legumes,Legumes_RioLerma,Water Withdrawal,Water Withdrawal|Irrigation,,1
Legumes,Legumes_RioVerde,Water Withdrawal,Water Withdrawal|Irrigation,,1
Legumes,Legumes_Tehuantpc,Water Withdrawal,Water Withdrawal|Irrigation,,1
Legumes,Legumes_UsaColoRS,Water Withdrawal,Water Withdrawal|Irrigation,,1
Legumes,Legumes_ArabianP,Water Withdrawal,Water Withdrawal|Irrigation,,1
Legumes,Legumes_ArabianSea,Water Withdrawal,Water Withdrawal|Irrigation,,1
Legumes,Legumes_DeadSea,Water Withdrawal,Water Withdrawal|Irrigation,,1
Legumes,Legumes_FarahrudR,Water Withdrawal,Water Withdrawal|Irrigation,,1
Legumes,Legumes_HamuMashR,Water Withdrawal,Water Withdrawal|Irrigation,,1
Legumes,Legumes_Helmand,Water Withdrawal,Water Withdrawal|Irrigation,,1
Legumes,Legumes_Iran,Water Withdrawal,Water Withdrawal|Irrigation,,1
Legumes,Legumes_PersianGulf,Water Withdrawal,Water Withdrawal|Irrigation,,1
Legumes,Legumes_RedSeaE,Water Withdrawal,Water Withdrawal|Irrigation,,1
Legumes,Legumes_AmurR,Water Withdrawal,Water Withdrawal|Irrigation,,1
Legumes,Legumes_BalticSea,Water Withdrawal,Water Withdrawal|Irrigation,,1
Legumes,Legumes_BarentsSea,Water Withdrawal,Water Withdrawal|Irrigation,,1
Legumes,Legumes_CaspianNE,Water Withdrawal,Water Withdrawal|Irrigation,,1
Legumes,Legumes_DonR,Water Withdrawal,Water Withdrawal|Irrigation,,1
Legumes,Legumes_DvinaRN,Water Withdrawal,Water Withdrawal|Irrigation,,1
Legumes,Legumes_Finland,Water Withdrawal,Water Withdrawal|Irrigation,,1
Legumes,Legumes_Gobi,Water Withdrawal,Water Withdrawal|Irrigation,,1
Legumes,Legumes_LenaR,Water Withdrawal,Water Withdrawal|Irrigation,,1
Legumes,Legumes_NarvaR,Water Withdrawal,Water Withdrawal|Irrigation,,1
Legumes,Legumes_NevaR,Water Withdrawal,Water Withdrawal|Irrigation,,1
Legumes,Legumes_ObR,Water Withdrawal,Water Withdrawal|Irrigation,,1
Legumes,Legumes_PolandCst,Water Withdrawal,Water Withdrawal|Irrigation,,1
Legumes,Legumes_RusCstSE,Water Withdrawal,Water Withdrawal|Irrigation,,1
Legumes,Legumes_UralR,Water Withdrawal,Water Withdrawal|Irrigation,,1
Legumes,Legumes_VolgaR,Water Withdrawal,Water Withdrawal|Irrigation,,1
Legumes,Legumes_YeniseiR,Water Withdrawal,Water Withdrawal|Irrigation,,1
Legumes,Legumes_AfrCstS,Water Withdrawal,Water Withdrawal|Irrigation,,1
Legumes,Legumes_AfrCstSSW,Water Withdrawal,Water Withdrawal|Irrigation,,1
Legumes,Legumes_OrangeR,Water Withdrawal,Water Withdrawal|Irrigation,,1
Legumes,Legumes_OrinocoR,Water Withdrawal,Water Withdrawal|Irrigation,,1
Legumes,Legumes_SAmerCstN,Water Withdrawal,Water Withdrawal|Irrigation,,1
Legumes,Legumes_SAmerCstNE,Water Withdrawal,Water Withdrawal|Irrigation,,1
Legumes,Legumes_ColEcuaCst,Water Withdrawal,Water Withdrawal|Irrigation,,1
Legumes,Legumes_LaPuna,Water Withdrawal,Water Withdrawal|Irrigation,,1
Legumes,Legumes_PeruCst,Water Withdrawal,Water Withdrawal|Irrigation,,1
Legumes,Legumes_IrrawaddyR,Water Withdrawal,Water Withdrawal|Irrigation,,1
Legumes,Legumes_Korea,Water Withdrawal,Water Withdrawal|Irrigation,,1
Legumes,Legumes_MalaysiaP,Water Withdrawal,Water Withdrawal|Irrigation,,1
Legumes,Legumes_Mekong,Water Withdrawal,Water Withdrawal|Irrigation,,1
Legumes,Legumes_Salween,Water Withdrawal,Water Withdrawal|Irrigation,,1
Legumes,Legumes_SittaungR,Water Withdrawal,Water Withdrawal|Irrigation,,1
Legumes,Legumes_ArkWhtRedR,Water Withdrawal,Water Withdrawal|Irrigation,,1
Legumes,Legumes_GreatBasin,Water Withdrawal,Water Withdrawal|Irrigation,,1
Legumes,Legumes_GreatLakes,Water Withdrawal,Water Withdrawal|Irrigation,,1
Legumes,Legumes_MissouriR,Water Withdrawal,Water Withdrawal|Irrigation,,1
Legumes,Legumes_MissppRN,Water Withdrawal,Water Withdrawal|Irrigation,,1
Legumes,Legumes_NelsonR,Water Withdrawal,Water Withdrawal|Irrigation,,1
Legumes,Legumes_TexasCst,Water Withdrawal,Water Withdrawal|Irrigation,,1
Legumes,Legumes_UsaColoRN,Water Withdrawal,Water Withdrawal|Irrigation,,1
Legumes,Legumes_UsaCstE,Water Withdrawal,Water Withdrawal|Irrigation,,1
Legumes,Legumes_UsaPacNW,Water Withdrawal,Water Withdrawal|Irrigation,,1
MiscCrop,MiscCropTree_AfrCstE,Water Withdrawal,Water Withdrawal|Irrigation,,1
MiscCrop,MiscCropTree_AfrCstNE,Water Withdrawal,Water Withdrawal|Irrigation,,1
MiscCrop,MiscCropTree_CongoR,Water Withdrawal,Water Withdrawal|Irrigation,,1
MiscCrop,MiscCropTree_NileR,Water Withdrawal,Water Withdrawal|Irrigation,,1
MiscCrop,MiscCropTree_RiftValley,Water Withdrawal,Water Withdrawal|Irrigation,,1
MiscCrop,MiscCropTree_ShebJubR,Water Withdrawal,Water Withdrawal|Irrigation,,1
MiscCrop,MiscCrop_AfrCstE,Water Withdrawal,Water Withdrawal|Irrigation,,1
MiscCrop,MiscCrop_AfrCstNE,Water Withdrawal,Water Withdrawal|Irrigation,,1
MiscCrop,MiscCrop_CongoR,Water Withdrawal,Water Withdrawal|Irrigation,,1
MiscCrop,MiscCrop_Madagascar,Water Withdrawal,Water Withdrawal|Irrigation,,1
MiscCrop,MiscCrop_NileR,Water Withdrawal,Water Withdrawal|Irrigation,,1
MiscCrop,MiscCrop_RiftValley,Water Withdrawal,Water Withdrawal|Irrigation,,1
MiscCrop,MiscCrop_ShebJubR,Water Withdrawal,Water Withdrawal|Irrigation,,1
MiscCrop,MiscCrop_AfrCstNW,Water Withdrawal,Water Withdrawal|Irrigation,,1
MiscCrop,MiscCrop_AfrIntN,Water Withdrawal,Water Withdrawal|Irrigation,,1
MiscCrop,MiscCrop_MeditE,Water Withdrawal,Water Withdrawal|Irrigation,,1
MiscCrop,MiscCrop_MeditS,Water Withdrawal,Water Withdrawal|Irrigation,,1
MiscCrop,MiscCrop_SinaiP,Water Withdrawal,Water Withdrawal|Irrigation,,1
MiscCrop,MiscCropTree_AfrCstSE,Water Withdrawal,Water Withdrawal|Irrigation,,1
MiscCrop,MiscCropTree_LimpopoR,Water Withdrawal,Water Withdrawal|Irrigation,,1
MiscCrop,MiscCropTree_ZambeziR,Water Withdrawal,Water Withdrawal|Irrigation,,1
MiscCrop,MiscCrop_AfrCstS,Water Withdrawal,Water Withdrawal|Irrigation,,1
MiscCrop,MiscCrop_AfrCstSE,Water Withdrawal,Water Withdrawal|Irrigation,,1
MiscCrop,MiscCrop_LimpopoR,Water Withdrawal,Water Withdrawal|Irrigation,,1
MiscCrop,MiscCrop_ZambeziR,Water Withdrawal,Water Withdrawal|Irrigation,,1
MiscCrop,MiscCropTree_AfrCstW,Water Withdrawal,Water Withdrawal|Irrigation,,1
MiscCrop,MiscCropTree_GuineaGulf,Water Withdrawal,Water Withdrawal|Irrigation,,1
MiscCrop,MiscCropTree_NigerR,Water Withdrawal,Water Withdrawal|Irrigation,,1
MiscCrop,MiscCropTree_SenegalR,Water Withdrawal,Water Withdrawal|Irrigation,,1
MiscCrop,MiscCropTree_VoltaR,Water Withdrawal,Water Withdrawal|Irrigation,,1
MiscCrop,MiscCrop_AfrCstW,Water Withdrawal,Water Withdrawal|Irrigation,,1
MiscCrop,MiscCrop_GuineaGulf,Water Withdrawal,Water Withdrawal|Irrigation,,1
MiscCrop,MiscCrop_LChad,Water Withdrawal,Water Withdrawal|Irrigation,,1
MiscCrop,MiscCrop_NigerR,Water Withdrawal,Water Withdrawal|Irrigation,,1
MiscCrop,MiscCrop_SenegalR,Water Withdrawal,Water Withdrawal|Irrigation,,1
MiscCrop,MiscCrop_VoltaR,Water Withdrawal,Water Withdrawal|Irrigation,,1
MiscCrop,MiscCropTree_RioLaPlata,Water Withdrawal,Water Withdrawal|Irrigation,,1
MiscCrop,MiscCrop_ArgColoR,Water Withdrawal,Water Withdrawal|Irrigation,,1
MiscCrop,MiscCrop_ArgCstN,Water Withdrawal,Water Withdrawal|Irrigation,,1
MiscCrop,MiscCrop_ArgCstS,Water Withdrawal,Water Withdrawal|Irrigation,,1
MiscCrop,MiscCrop_MarChiq,Water Withdrawal,Water Withdrawal|Irrigation,,1
MiscCrop,MiscCrop_NegroR,Water Withdrawal,Water Withdrawal|Irrigation,,1
MiscCrop,MiscCrop_Pampas,Water Withdrawal,Water Withdrawal|Irrigation,,1
MiscCrop,MiscCrop_RioLaPlata,Water Withdrawal,Water Withdrawal|Irrigation,,1
MiscCrop,MiscCrop_Salinas,Water Withdrawal,Water Withdrawal|Irrigation,,1
MiscCrop,MiscCrop_AusCstE,Water Withdrawal,Water Withdrawal|Irrigation,,1
MiscCrop,MiscCrop_AusCstS,Water Withdrawal,Water Withdrawal|Irrigation,,1
MiscCrop,MiscCrop_AusCstW,Water Withdrawal,Water Withdrawal|Irrigation,,1
MiscCrop,MiscCrop_AusInt,Water Withdrawal,Water Withdrawal|Irrigation,,1
MiscCrop,MiscCrop_MurrayDrlg,Water Withdrawal,Water Withdrawal|Irrigation,,1
MiscCrop,MiscCrop_NewZealand,Water Withdrawal,Water Withdrawal|Irrigation,,1
MiscCrop,MiscCrop_Tasmania,Water Withdrawal,Water Withdrawal|Irrigation,,1
MiscCrop,MiscCropTree_AmazonR,Water Withdrawal,Water Withdrawal|Irrigation,,1
MiscCrop,MiscCropTree_BrzCstE,Water Withdrawal,Water Withdrawal|Irrigation,,1
MiscCrop,MiscCropTree_BrzCstN,Water Withdrawal,Water Withdrawal|Irrigation,,1
MiscCrop,MiscCropTree_BrzCstS,Water Withdrawal,Water Withdrawal|Irrigation,,1
MiscCrop,MiscCropTree_ParnaibaR,Water Withdrawal,Water Withdrawal|Irrigation,,1
MiscCrop,MiscCropTree_SaoFrancR,Water Withdrawal,Water Withdrawal|Irrigation,,1
MiscCrop,MiscCropTree_TocantinsR,Water Withdrawal,Water Withdrawal|Irrigation,,1
MiscCrop,MiscCrop_AmazonR,Water Withdrawal,Water Withdrawal|Irrigation,,1
MiscCrop,MiscCrop_BrzCstE,Water Withdrawal,Water Withdrawal|Irrigation,,1
MiscCrop,MiscCrop_BrzCstN,Water Withdrawal,Water Withdrawal|Irrigation,,1
MiscCrop,MiscCrop_BrzCstS,Water Withdrawal,Water Withdrawal|Irrigation,,1
MiscCrop,MiscCrop_ParnaibaR,Water Withdrawal,Water Withdrawal|Irrigation,,1
MiscCrop,MiscCrop_SaoFrancR,Water Withdrawal,Water Withdrawal|Irrigation,,1
MiscCrop,MiscCrop_TocantinsR,Water Withdrawal,Water Withdrawal|Irrigation,,1
MiscCrop,MiscCrop_NelsonR,Water Withdrawal,Water Withdrawal|Irrigation,,1
MiscCrop,MiscCropTree_Caribbean,Water Withdrawal,Water Withdrawal|Irrigation,,1
MiscCrop,MiscCropTree_CntAmer,Water Withdrawal,Water Withdrawal|Irrigation,,1
MiscCrop,MiscCropTree_GrijUsuR,Water Withdrawal,Water Withdrawal|Irrigation,,1
MiscCrop,MiscCropTree_YucatanP,Water Withdrawal,Water Withdrawal|Irrigation,,1
MiscCrop,MiscCrop_Caribbean,Water Withdrawal,Water Withdrawal|Irrigation,,1
MiscCrop,MiscCrop_CntAmer,Water Withdrawal,Water Withdrawal|Irrigation,,1
MiscCrop,MiscCrop_ColEcuaCst,Water Withdrawal,Water Withdrawal|Irrigation,,1
MiscCrop,MiscCrop_GrijUsuR,Water Withdrawal,Water Withdrawal|Irrigation,,1
MiscCrop,MiscCrop_SAmerCstN,Water Withdrawal,Water Withdrawal|Irrigation,,1
MiscCrop,MiscCrop_YucatanP,Water Withdrawal,Water Withdrawal|Irrigation,,1
MiscCrop,MiscCrop_AmuDaryaR,Water Withdrawal,Water Withdrawal|Irrigation,,1
MiscCrop,MiscCrop_BlackSeaS,Water Withdrawal,Water Withdrawal|Irrigation,,1
MiscCrop,MiscCrop_CaspianE,Water Withdrawal,Water Withdrawal|Irrigation,,1
MiscCrop,MiscCrop_CaspianNE,Water Withdrawal,Water Withdrawal|Irrigation,,1
MiscCrop,MiscCrop_CaspianSW,Water Withdrawal,Water Withdrawal|Irrigation,,1
MiscCrop,MiscCrop_Gobi,Water Withdrawal,Water Withdrawal|Irrigation,,1
MiscCrop,MiscCrop_LBalkash,Water Withdrawal,Water Withdrawal|Irrigation,,1
MiscCrop,MiscCrop_ObR,Water Withdrawal,Water Withdrawal|Irrigation,,1
MiscCrop,MiscCrop_SyrDaryaR,Water Withdrawal,Water Withdrawal|Irrigation,,1
MiscCrop,MiscCrop_UralR,Water Withdrawal,Water Withdrawal|Irrigation,,1
MiscCrop,MiscCrop_VolgaR,Water Withdrawal,Water Withdrawal|Irrigation,,1
MiscCrop,MiscCropTree_AmurR,Water Withdrawal,Water Withdrawal|Irrigation,,1
MiscCrop,MiscCropTree_BoHai,Water Withdrawal,Water Withdrawal|Irrigation,,1
MiscCrop,MiscCropTree_ChinaCst,Water Withdrawal,Water Withdrawal|Irrigation,,1
MiscCrop,MiscCropTree_GangesR,Water Withdrawal,Water Withdrawal|Irrigation,,1
MiscCrop,MiscCropTree_Gobi,Water Withdrawal,Water Withdrawal|Irrigation,,1
MiscCrop,MiscCropTree_Hainan,Water Withdrawal,Water Withdrawal|Irrigation,,1
MiscCrop,MiscCropTree_Hong,Water Withdrawal,Water Withdrawal|Irrigation,,1
MiscCrop,MiscCropTree_HuangHeR,Water Withdrawal,Water Withdrawal|Irrigation,,1
MiscCrop,MiscCropTree_IrrawaddyR,Water Withdrawal,Water Withdrawal|Irrigation,,1
MiscCrop,MiscCropTree_LBalkash,Water Withdrawal,Water Withdrawal|Irrigation,,1
MiscCrop,MiscCropTree_Mekong,Water Withdrawal,Water Withdrawal|Irrigation,,1
MiscCrop,MiscCropTree_ObR,Water Withdrawal,Water Withdrawal|Irrigation,,1
MiscCrop,MiscCropTree_RusCstSE,Water Withdrawal,Water Withdrawal|Irrigation,,1
MiscCrop,MiscCropTree_SChinaSea,Water Withdrawal,Water Withdrawal|Irrigation,,1
MiscCrop,MiscCropTree_Salween,Water Withdrawal,Water Withdrawal|Irrigation,,1
MiscCrop,MiscCropTree_Tarim,Water Withdrawal,Water Withdrawal|Irrigation,,1
MiscCrop,MiscCropTree_XunJiang,Water Withdrawal,Water Withdrawal|Irrigation,,1
MiscCrop,MiscCropTree_Yangtze,Water Withdrawal,Water Withdrawal|Irrigation,,1
MiscCrop,MiscCropTree_ZiyaHe,Water Withdrawal,Water Withdrawal|Irrigation,,1
MiscCrop,MiscCrop_AmurR,Water Withdrawal,Water Withdrawal|Irrigation,,1
MiscCrop,MiscCrop_BoHai,Water Withdrawal,Water Withdrawal|Irrigation,,1
MiscCrop,MiscCrop_ChinaCst,Water Withdrawal,Water Withdrawal|Irrigation,,1
MiscCrop,MiscCrop_GangesR,Water Withdrawal,Water Withdrawal|Irrigation,,1
MiscCrop,MiscCrop_Hainan,Water Withdrawal,Water Withdrawal|Irrigation,,1
MiscCrop,MiscCrop_Hong,Water Withdrawal,Water Withdrawal|Irrigation,,1
MiscCrop,MiscCrop_HuangHeR,Water Withdrawal,Water Withdrawal|Irrigation,,1
MiscCrop,MiscCrop_IrrawaddyR,Water Withdrawal,Water Withdrawal|Irrigation,,1
MiscCrop,MiscCrop_Mekong,Water Withdrawal,Water Withdrawal|Irrigation,,1
MiscCrop,MiscCrop_RusCstSE,Water Withdrawal,Water Withdrawal|Irrigation,,1
MiscCrop,MiscCrop_SChinaSea,Water Withdrawal,Water Withdrawal|Irrigation,,1
MiscCrop,MiscCrop_Salween,Water Withdrawal,Water Withdrawal|Irrigation,,1
MiscCrop,MiscCrop_Tarim,Water Withdrawal,Water Withdrawal|Irrigation,,1
MiscCrop,MiscCrop_XunJiang,Water Withdrawal,Water Withdrawal|Irrigation,,1
MiscCrop,MiscCrop_Yangtze,Water Withdrawal,Water Withdrawal|Irrigation,,1
MiscCrop,MiscCrop_ZiyaHe,Water Withdrawal,Water Withdrawal|Irrigation,,1
MiscCrop,MiscCrop_AdrBlkSea,Water Withdrawal,Water Withdrawal|Irrigation,,1
MiscCrop,MiscCrop_DanubeR,Water Withdrawal,Water Withdrawal|Irrigation,,1
MiscCrop,MiscCrop_ElbeR,Water Withdrawal,Water Withdrawal|Irrigation,,1
MiscCrop,MiscCrop_OderR,Water Withdrawal,Water Withdrawal|Irrigation,,1
MiscCrop,MiscCrop_PolandCst,Water Withdrawal,Water Withdrawal|Irrigation,,1
MiscCrop,MiscCrop_WislaR,Water Withdrawal,Water Withdrawal|Irrigation,,1
MiscCrop,MiscCrop_DnkGrmCst,Water Withdrawal,Water Withdrawal|Irrigation,,1
MiscCrop,MiscCrop_DouroR,Water Withdrawal,Water Withdrawal|Irrigation,,1
MiscCrop,MiscCrop_EbroR,Water Withdrawal,Water Withdrawal|Irrigation,,1
MiscCrop,MiscCrop_EmsWeserR,Water Withdrawal,Water Withdrawal|Irrigation,,1
MiscCrop,MiscCrop_EngWales,Water Withdrawal,Water Withdrawal|Irrigation,,1
MiscCrop,MiscCrop_FranceCstS,Water Withdrawal,Water Withdrawal|Irrigation,,1
MiscCrop,MiscCrop_FranceCstW,Water Withdrawal,Water Withdrawal|Irrigation,,1
MiscCrop,MiscCrop_Gironde,Water Withdrawal,Water Withdrawal|Irrigation,,1
MiscCrop,MiscCrop_GuadalqR,Water Withdrawal,Water Withdrawal|Irrigation,,1
MiscCrop,MiscCrop_GuadianaR,Water Withdrawal,Water Withdrawal|Irrigation,,1
MiscCrop,MiscCrop_IberiaCst,Water Withdrawal,Water Withdrawal|Irrigation,,1
MiscCrop,MiscCrop_Ireland,Water Withdrawal,Water Withdrawal|Irrigation,,1
MiscCrop,MiscCrop_LoireR,Water Withdrawal,Water Withdrawal|Irrigation,,1
MiscCrop,MiscCrop_MeditIsl,Water Withdrawal,Water Withdrawal|Irrigation,,1
MiscCrop,MiscCrop_RhineR,Water Withdrawal,Water Withdrawal|Irrigation,,1
MiscCrop,MiscCrop_RhoneR,Water Withdrawal,Water Withdrawal|Irrigation,,1
MiscCrop,MiscCrop_ScheldtR,Water Withdrawal,Water Withdrawal|Irrigation,,1
MiscCrop,MiscCrop_Scotland,Water Withdrawal,Water Withdrawal|Irrigation,,1
MiscCrop,MiscCrop_SeineR,Water Withdrawal,Water Withdrawal|Irrigation,,1
MiscCrop,MiscCrop_SpainCstSE,Water Withdrawal,Water Withdrawal|Irrigation,,1
MiscCrop,MiscCrop_TagusR,Water Withdrawal,Water Withdrawal|Irrigation,,1
MiscCrop,MiscCrop_BlackSeaN,Water Withdrawal,Water Withdrawal|Irrigation,,1
MiscCrop,MiscCrop_DnieperR,Water Withdrawal,Water Withdrawal|Irrigation,,1
MiscCrop,MiscCrop_DniesterR,Water Withdrawal,Water Withdrawal|Irrigation,,1
MiscCrop,MiscCrop_DonR,Water Withdrawal,Water Withdrawal|Irrigation,,1
MiscCrop,MiscCrop_EJrdnSyr,Water Withdrawal,Water Withdrawal|Irrigation,,1
MiscCrop,MiscCrop_TigrEuphR,Water Withdrawal,Water Withdrawal|Irrigation,,1
MiscCrop,MiscCropTree_BengalW,Water Withdrawal,Water Withdrawal|Irrigation,,1
MiscCrop,MiscCropTree_BrahmaniR,Water Withdrawal,Water Withdrawal|Irrigation,,1
MiscCrop,MiscCropTree_CauveryR,Water Withdrawal,Water Withdrawal|Irrigation,,1
MiscCrop,MiscCropTree_GodavariR,Water Withdrawal,Water Withdrawal|Irrigation,,1
MiscCrop,MiscCropTree_IndCstE,Water Withdrawal,Water Withdrawal|Irrigation,,1
MiscCrop,MiscCropTree_IndCstNE,Water Withdrawal,Water Withdrawal|Irrigation,,1
MiscCrop,MiscCropTree_IndCstS,Water Withdrawal,Water Withdrawal|Irrigation,,1
MiscCrop,MiscCropTree_IndCstW,Water Withdrawal,Water Withdrawal|Irrigation,,1
MiscCrop,MiscCropTree_IndusR,Water Withdrawal,Water Withdrawal|Irrigation,,1
MiscCrop,MiscCropTree_KrishnaR,Water Withdrawal,Water Withdrawal|Irrigation,,1
MiscCrop,MiscCropTree_MahanadiR,Water Withdrawal,Water Withdrawal|Irrigation,,1
MiscCrop,MiscCropTree_MahiR,Water Withdrawal,Water Withdrawal|Irrigation,,1
MiscCrop,MiscCropTree_NarmadaR,Water Withdrawal,Water Withdrawal|Irrigation,,1
MiscCrop,MiscCropTree_PennarR,Water Withdrawal,Water Withdrawal|Irrigation,,1
MiscCrop,MiscCropTree_SabarmatiR,Water Withdrawal,Water Withdrawal|Irrigation,,1
MiscCrop,MiscCropTree_TaptiR,Water Withdrawal,Water Withdrawal|Irrigation,,1
MiscCrop,MiscCrop_BengalW,Water Withdrawal,Water Withdrawal|Irrigation,,1
MiscCrop,MiscCrop_BrahmaniR,Water Withdrawal,Water Withdrawal|Irrigation,,1
MiscCrop,MiscCrop_CauveryR,Water Withdrawal,Water Withdrawal|Irrigation,,1
MiscCrop,MiscCrop_GodavariR,Water Withdrawal,Water Withdrawal|Irrigation,,1
MiscCrop,MiscCrop_IndCstE,Water Withdrawal,Water Withdrawal|Irrigation,,1
MiscCrop,MiscCrop_IndCstNE,Water Withdrawal,Water Withdrawal|Irrigation,,1
MiscCrop,MiscCrop_IndCstS,Water Withdrawal,Water Withdrawal|Irrigation,,1
MiscCrop,MiscCrop_IndCstW,Water Withdrawal,Water Withdrawal|Irrigation,,1
MiscCrop,MiscCrop_IndusR,Water Withdrawal,Water Withdrawal|Irrigation,,1
MiscCrop,MiscCrop_KrishnaR,Water Withdrawal,Water Withdrawal|Irrigation,,1
MiscCrop,MiscCrop_MahanadiR,Water Withdrawal,Water Withdrawal|Irrigation,,1
MiscCrop,MiscCrop_MahiR,Water Withdrawal,Water Withdrawal|Irrigation,,1
MiscCrop,MiscCrop_NarmadaR,Water Withdrawal,Water Withdrawal|Irrigation,,1
MiscCrop,MiscCrop_PennarR,Water Withdrawal,Water Withdrawal|Irrigation,,1
MiscCrop,MiscCrop_SabarmatiR,Water Withdrawal,Water Withdrawal|Irrigation,,1
MiscCrop,MiscCrop_TaptiR,Water Withdrawal,Water Withdrawal|Irrigation,,1
MiscCrop,MiscCrop_BorneoCstN,Water Withdrawal,Water Withdrawal|Irrigation,,1
MiscCrop,MiscCrop_IdnE,Water Withdrawal,Water Withdrawal|Irrigation,,1
MiscCrop,MiscCrop_IrianJaya,Water Withdrawal,Water Withdrawal|Irrigation,,1
MiscCrop,MiscCrop_JavaTimor,Water Withdrawal,Water Withdrawal|Irrigation,,1
MiscCrop,MiscCrop_Kalimantan,Water Withdrawal,Water Withdrawal|Irrigation,,1
MiscCrop,MiscCrop_Sulawesi,Water Withdrawal,Water Withdrawal|Irrigation,,1
MiscCrop,MiscCrop_Sumatra,Water Withdrawal,Water Withdrawal|Irrigation,,1
MiscCrop,MiscCrop_Japan,Water Withdrawal,Water Withdrawal|Irrigation,,1
MiscCrop,MiscCrop_Taiwan,Water Withdrawal,Water Withdrawal|Irrigation,,1
MiscCrop,MiscCropTree_California,Water Withdrawal,Water Withdrawal|Irrigation,,1
MiscCrop,MiscCropTree_MexBaja,Water Withdrawal,Water Withdrawal|Irrigation,,1
MiscCrop,MiscCropTree_MexCstNW,Water Withdrawal,Water Withdrawal|Irrigation,,1
MiscCrop,MiscCropTree_MexCstW,Water Withdrawal,Water Withdrawal|Irrigation,,1
MiscCrop,MiscCropTree_MexGulf,Water Withdrawal,Water Withdrawal|Irrigation,,1
MiscCrop,MiscCropTree_MexInt,Water Withdrawal,Water Withdrawal|Irrigation,,1
MiscCrop,MiscCropTree_Papaloapan,Water Withdrawal,Water Withdrawal|Irrigation,,1
MiscCrop,MiscCropTree_RioBalsas,Water Withdrawal,Water Withdrawal|Irrigation,,1
MiscCrop,MiscCropTree_RioGrande,Water Withdrawal,Water Withdrawal|Irrigation,,1
MiscCrop,MiscCropTree_RioLerma,Water Withdrawal,Water Withdrawal|Irrigation,,1
MiscCrop,MiscCropTree_RioVerde,Water Withdrawal,Water Withdrawal|Irrigation,,1
MiscCrop,MiscCropTree_Tehuantpc,Water Withdrawal,Water Withdrawal|Irrigation,,1
MiscCrop,MiscCropTree_UsaColoRS,Water Withdrawal,Water Withdrawal|Irrigation,,1
MiscCrop,MiscCrop_California,Water Withdrawal,Water Withdrawal|Irrigation,,1
MiscCrop,MiscCrop_MexBaja,Water Withdrawal,Water Withdrawal|Irrigation,,1
MiscCrop,MiscCrop_MexCstNW,Water Withdrawal,Water Withdrawal|Irrigation,,1
MiscCrop,MiscCrop_MexCstW,Water Withdrawal,Water Withdrawal|Irrigation,,1
MiscCrop,MiscCrop_MexGulf,Water Withdrawal,Water Withdrawal|Irrigation,,1
MiscCrop,MiscCrop_MexInt,Water Withdrawal,Water Withdrawal|Irrigation,,1
MiscCrop,MiscCrop_Papaloapan,Water Withdrawal,Water Withdrawal|Irrigation,,1
MiscCrop,MiscCrop_RioBalsas,Water Withdrawal,Water Withdrawal|Irrigation,,1
MiscCrop,MiscCrop_RioGrande,Water Withdrawal,Water Withdrawal|Irrigation,,1
MiscCrop,MiscCrop_RioLerma,Water Withdrawal,Water Withdrawal|Irrigation,,1
MiscCrop,MiscCrop_RioVerde,Water Withdrawal,Water Withdrawal|Irrigation,,1
MiscCrop,MiscCrop_Tehuantpc,Water Withdrawal,Water Withdrawal|Irrigation,,1
MiscCrop,MiscCrop_UsaColoRS,Water Withdrawal,Water Withdrawal|Irrigation,,1
MiscCrop,MiscCropTree_ArabianP,Water Withdrawal,Water Withdrawal|Irrigation,,1
MiscCrop,MiscCropTree_RedSeaE,Water Withdrawal,Water Withdrawal|Irrigation,,1
MiscCrop,MiscCrop_ArabianP,Water Withdrawal,Water Withdrawal|Irrigation,,1
MiscCrop,MiscCrop_ArabianSea,Water Withdrawal,Water Withdrawal|Irrigation,,1
MiscCrop,MiscCrop_DeadSea,Water Withdrawal,Water Withdrawal|Irrigation,,1
MiscCrop,MiscCrop_FarahrudR,Water Withdrawal,Water Withdrawal|Irrigation,,1
MiscCrop,MiscCrop_HamuMashR,Water Withdrawal,Water Withdrawal|Irrigation,,1
MiscCrop,MiscCrop_Helmand,Water Withdrawal,Water Withdrawal|Irrigation,,1
MiscCrop,MiscCrop_Iran,Water Withdrawal,Water Withdrawal|Irrigation,,1
MiscCrop,MiscCrop_PersianGulf,Water Withdrawal,Water Withdrawal|Irrigation,,1
MiscCrop,MiscCrop_RedSeaE,Water Withdrawal,Water Withdrawal|Irrigation,,1
MiscCrop,MiscCrop_BalticSea,Water Withdrawal,Water Withdrawal|Irrigation,,1
MiscCrop,MiscCrop_DaugavaR,Water Withdrawal,Water Withdrawal|Irrigation,,1
MiscCrop,MiscCrop_DvinaRN,Water Withdrawal,Water Withdrawal|Irrigation,,1
MiscCrop,MiscCrop_LenaR,Water Withdrawal,Water Withdrawal|Irrigation,,1
MiscCrop,MiscCrop_NarvaR,Water Withdrawal,Water Withdrawal|Irrigation,,1
MiscCrop,MiscCrop_NevaR,Water Withdrawal,Water Withdrawal|Irrigation,,1
MiscCrop,MiscCrop_YeniseiR,Water Withdrawal,Water Withdrawal|Irrigation,,1
MiscCrop,MiscCrop_AfrCstSSW,Water Withdrawal,Water Withdrawal|Irrigation,,1
MiscCrop,MiscCrop_OrangeR,Water Withdrawal,Water Withdrawal|Irrigation,,1
MiscCrop,MiscCropTree_OrinocoR,Water Withdrawal,Water Withdrawal|Irrigation,,1
MiscCrop,MiscCropTree_SAmerCstN,Water Withdrawal,Water Withdrawal|Irrigation,,1
MiscCrop,MiscCropTree_SAmerCstNE,Water Withdrawal,Water Withdrawal|Irrigation,,1
MiscCrop,MiscCrop_OrinocoR,Water Withdrawal,Water Withdrawal|Irrigation,,1
MiscCrop,MiscCrop_SAmerCstNE,Water Withdrawal,Water Withdrawal|Irrigation,,1
MiscCrop,MiscCropTree_ColEcuaCst,Water Withdrawal,Water Withdrawal|Irrigation,,1
MiscCrop,MiscCropTree_PeruCst,Water Withdrawal,Water Withdrawal|Irrigation,,1
MiscCrop,MiscCrop_LaPuna,Water Withdrawal,Water Withdrawal|Irrigation,,1
MiscCrop,MiscCrop_PeruCst,Water Withdrawal,Water Withdrawal|Irrigation,,1
MiscCrop,MiscCrop_SriLanka,Water Withdrawal,Water Withdrawal|Irrigation,,1
MiscCrop,MiscCrop_Korea,Water Withdrawal,Water Withdrawal|Irrigation,,1
MiscCrop,MiscCropTree_BengalBay,Water Withdrawal,Water Withdrawal|Irrigation,,1
MiscCrop,MiscCropTree_BorneoCstN,Water Withdrawal,Water Withdrawal|Irrigation,,1
MiscCrop,MiscCropTree_ChaoPhrR,Water Withdrawal,Water Withdrawal|Irrigation,,1
MiscCrop,MiscCropTree_MalaysiaP,Water Withdrawal,Water Withdrawal|Irrigation,,1
MiscCrop,MiscCropTree_SittaungR,Water Withdrawal,Water Withdrawal|Irrigation,,1
MiscCrop,MiscCropTree_ThaiGulf,Water Withdrawal,Water Withdrawal|Irrigation,,1
MiscCrop,MiscCropTree_VietnamCst,Water Withdrawal,Water Withdrawal|Irrigation,,1
MiscCrop,MiscCrop_BengalBay,Water Withdrawal,Water Withdrawal|Irrigation,,1
MiscCrop,MiscCrop_ChaoPhrR,Water Withdrawal,Water Withdrawal|Irrigation,,1
MiscCrop,MiscCrop_MalaysiaP,Water Withdrawal,Water Withdrawal|Irrigation,,1
MiscCrop,MiscCrop_SittaungR,Water Withdrawal,Water Withdrawal|Irrigation,,1
MiscCrop,MiscCrop_ThaiGulf,Water Withdrawal,Water Withdrawal|Irrigation,,1
MiscCrop,MiscCrop_VietnamCst,Water Withdrawal,Water Withdrawal|Irrigation,,1
MiscCrop,MiscCrop_ArkWhtRedR,Water Withdrawal,Water Withdrawal|Irrigation,,1
MiscCrop,MiscCrop_GreatBasin,Water Withdrawal,Water Withdrawal|Irrigation,,1
MiscCrop,MiscCrop_MissouriR,Water Withdrawal,Water Withdrawal|Irrigation,,1
MiscCrop,MiscCrop_MissppRN,Water Withdrawal,Water Withdrawal|Irrigation,,1
MiscCrop,MiscCrop_MissppRS,Water Withdrawal,Water Withdrawal|Irrigation,,1
MiscCrop,MiscCrop_OhioR,Water Withdrawal,Water Withdrawal|Irrigation,,1
MiscCrop,MiscCrop_TennR,Water Withdrawal,Water Withdrawal|Irrigation,,1
MiscCrop,MiscCrop_UsaCstE,Water Withdrawal,Water Withdrawal|Irrigation,,1
MiscCrop,MiscCrop_UsaCstNE,Water Withdrawal,Water Withdrawal|Irrigation,,1
MiscCrop,MiscCrop_UsaCstSE,Water Withdrawal,Water Withdrawal|Irrigation,,1
MiscCrop,MiscCrop_UsaPacNW,Water Withdrawal,Water Withdrawal|Irrigation,,1
municipal water,municipal water,Water Withdrawal,Water Withdrawal|Municipal Water,,1
nuclearFuelGenII,enrichedUranium,Water Withdrawal,NoReported,,1
nuclearFuelGenIII,enrichedUranium,Water Withdrawal,NoReported,,1
NutsSeeds,NutsSeedsTree_AfrCstE,Water Withdrawal,Water Withdrawal|Irrigation,,1
NutsSeeds,NutsSeedsTree_AfrCstNE,Water Withdrawal,Water Withdrawal|Irrigation,,1
NutsSeeds,NutsSeedsTree_NileR,Water Withdrawal,Water Withdrawal|Irrigation,,1
NutsSeeds,NutsSeedsTree_RiftValley,Water Withdrawal,Water Withdrawal|Irrigation,,1
NutsSeeds,NutsSeedsTree_ShebJubR,Water Withdrawal,Water Withdrawal|Irrigation,,1
NutsSeeds,NutsSeeds_AfrCstNE,Water Withdrawal,Water Withdrawal|Irrigation,,1
NutsSeeds,NutsSeeds_LChad,Water Withdrawal,Water Withdrawal|Irrigation,,1
NutsSeeds,NutsSeeds_NileR,Water Withdrawal,Water Withdrawal|Irrigation,,1
NutsSeeds,NutsSeedsTree_AfrCstNW,Water Withdrawal,Water Withdrawal|Irrigation,,1
NutsSeeds,NutsSeedsTree_AfrIntN,Water Withdrawal,Water Withdrawal|Irrigation,,1
NutsSeeds,NutsSeedsTree_MeditE,Water Withdrawal,Water Withdrawal|Irrigation,,1
NutsSeeds,NutsSeedsTree_MeditS,Water Withdrawal,Water Withdrawal|Irrigation,,1
NutsSeeds,NutsSeeds_AfrCstNW,Water Withdrawal,Water Withdrawal|Irrigation,,1
NutsSeeds,NutsSeeds_AfrIntN,Water Withdrawal,Water Withdrawal|Irrigation,,1
NutsSeeds,NutsSeeds_MeditE,Water Withdrawal,Water Withdrawal|Irrigation,,1
NutsSeeds,NutsSeeds_MeditS,Water Withdrawal,Water Withdrawal|Irrigation,,1
NutsSeeds,NutsSeeds_SinaiP,Water Withdrawal,Water Withdrawal|Irrigation,,1
NutsSeeds,NutsSeedsTree_AfrCstS,Water Withdrawal,Water Withdrawal|Irrigation,,1
NutsSeeds,NutsSeedsTree_AfrCstSE,Water Withdrawal,Water Withdrawal|Irrigation,,1
NutsSeeds,NutsSeedsTree_AfrIntS,Water Withdrawal,Water Withdrawal|Irrigation,,1
NutsSeeds,NutsSeedsTree_AngolaCst,Water Withdrawal,Water Withdrawal|Irrigation,,1
NutsSeeds,NutsSeedsTree_CongoR,Water Withdrawal,Water Withdrawal|Irrigation,,1
NutsSeeds,NutsSeedsTree_LimpopoR,Water Withdrawal,Water Withdrawal|Irrigation,,1
NutsSeeds,NutsSeedsTree_ZambeziR,Water Withdrawal,Water Withdrawal|Irrigation,,1
NutsSeeds,NutsSeeds_AfrCstSE,Water Withdrawal,Water Withdrawal|Irrigation,,1
NutsSeeds,NutsSeeds_LimpopoR,Water Withdrawal,Water Withdrawal|Irrigation,,1
NutsSeeds,NutsSeeds_ZambeziR,Water Withdrawal,Water Withdrawal|Irrigation,,1
NutsSeeds,NutsSeedsTree_AfrCstW,Water Withdrawal,Water Withdrawal|Irrigation,,1
NutsSeeds,NutsSeedsTree_GuineaGulf,Water Withdrawal,Water Withdrawal|Irrigation,,1
NutsSeeds,NutsSeedsTree_LChad,Water Withdrawal,Water Withdrawal|Irrigation,,1
NutsSeeds,NutsSeedsTree_NigerR,Water Withdrawal,Water Withdrawal|Irrigation,,1
NutsSeeds,NutsSeedsTree_SenegalR,Water Withdrawal,Water Withdrawal|Irrigation,,1
NutsSeeds,NutsSeedsTree_VoltaR,Water Withdrawal,Water Withdrawal|Irrigation,,1
NutsSeeds,NutsSeeds_GuineaGulf,Water Withdrawal,Water Withdrawal|Irrigation,,1
NutsSeeds,NutsSeeds_NigerR,Water Withdrawal,Water Withdrawal|Irrigation,,1
NutsSeeds,NutsSeeds_SenegalR,Water Withdrawal,Water Withdrawal|Irrigation,,1
NutsSeeds,NutsSeedsTree_ArgColoR,Water Withdrawal,Water Withdrawal|Irrigation,,1
NutsSeeds,NutsSeedsTree_ArgCstN,Water Withdrawal,Water Withdrawal|Irrigation,,1
NutsSeeds,NutsSeedsTree_ArgCstS,Water Withdrawal,Water Withdrawal|Irrigation,,1
NutsSeeds,NutsSeedsTree_MarChiq,Water Withdrawal,Water Withdrawal|Irrigation,,1
NutsSeeds,NutsSeedsTree_NegroR,Water Withdrawal,Water Withdrawal|Irrigation,,1
NutsSeeds,NutsSeedsTree_Pampas,Water Withdrawal,Water Withdrawal|Irrigation,,1
NutsSeeds,NutsSeedsTree_RioLaPlata,Water Withdrawal,Water Withdrawal|Irrigation,,1
NutsSeeds,NutsSeedsTree_Salinas,Water Withdrawal,Water Withdrawal|Irrigation,,1
NutsSeeds,NutsSeeds_ArgCstN,Water Withdrawal,Water Withdrawal|Irrigation,,1
NutsSeeds,NutsSeeds_MarChiq,Water Withdrawal,Water Withdrawal|Irrigation,,1
NutsSeeds,NutsSeeds_Pampas,Water Withdrawal,Water Withdrawal|Irrigation,,1
NutsSeeds,NutsSeeds_RioLaPlata,Water Withdrawal,Water Withdrawal|Irrigation,,1
NutsSeeds,NutsSeeds_Salinas,Water Withdrawal,Water Withdrawal|Irrigation,,1
NutsSeeds,NutsSeedsTree_AusCstE,Water Withdrawal,Water Withdrawal|Irrigation,,1
NutsSeeds,NutsSeedsTree_AusCstS,Water Withdrawal,Water Withdrawal|Irrigation,,1
NutsSeeds,NutsSeedsTree_AusInt,Water Withdrawal,Water Withdrawal|Irrigation,,1
NutsSeeds,NutsSeedsTree_MurrayDrlg,Water Withdrawal,Water Withdrawal|Irrigation,,1
NutsSeeds,NutsSeeds_AusCstE,Water Withdrawal,Water Withdrawal|Irrigation,,1
NutsSeeds,NutsSeeds_AusCstN,Water Withdrawal,Water Withdrawal|Irrigation,,1
NutsSeeds,NutsSeeds_MurrayDrlg,Water Withdrawal,Water Withdrawal|Irrigation,,1
NutsSeeds,NutsSeedsTree_AmazonR,Water Withdrawal,Water Withdrawal|Irrigation,,1
NutsSeeds,NutsSeedsTree_BrzCstE,Water Withdrawal,Water Withdrawal|Irrigation,,1
NutsSeeds,NutsSeedsTree_BrzCstN,Water Withdrawal,Water Withdrawal|Irrigation,,1
NutsSeeds,NutsSeedsTree_BrzCstS,Water Withdrawal,Water Withdrawal|Irrigation,,1
NutsSeeds,NutsSeedsTree_ParnaibaR,Water Withdrawal,Water Withdrawal|Irrigation,,1
NutsSeeds,NutsSeedsTree_SaoFrancR,Water Withdrawal,Water Withdrawal|Irrigation,,1
NutsSeeds,NutsSeedsTree_TocantinsR,Water Withdrawal,Water Withdrawal|Irrigation,,1
NutsSeeds,NutsSeeds_BrzCstE,Water Withdrawal,Water Withdrawal|Irrigation,,1
NutsSeeds,NutsSeeds_BrzCstS,Water Withdrawal,Water Withdrawal|Irrigation,,1
NutsSeeds,NutsSeeds_SaoFrancR,Water Withdrawal,Water Withdrawal|Irrigation,,1
NutsSeeds,NutsSeeds_TocantinsR,Water Withdrawal,Water Withdrawal|Irrigation,,1
NutsSeeds,NutsSeedsTree_Caribbean,Water Withdrawal,Water Withdrawal|Irrigation,,1
NutsSeeds,NutsSeedsTree_CntAmer,Water Withdrawal,Water Withdrawal|Irrigation,,1
NutsSeeds,NutsSeedsTree_GrijUsuR,Water Withdrawal,Water Withdrawal|Irrigation,,1
NutsSeeds,NutsSeedsTree_YucatanP,Water Withdrawal,Water Withdrawal|Irrigation,,1
NutsSeeds,NutsSeedsTree_AmuDaryaR,Water Withdrawal,Water Withdrawal|Irrigation,,1
NutsSeeds,NutsSeedsTree_AmurR,Water Withdrawal,Water Withdrawal|Irrigation,,1
NutsSeeds,NutsSeedsTree_BlackSeaS,Water Withdrawal,Water Withdrawal|Irrigation,,1
NutsSeeds,NutsSeedsTree_CaspianE,Water Withdrawal,Water Withdrawal|Irrigation,,1
NutsSeeds,NutsSeedsTree_CaspianNE,Water Withdrawal,Water Withdrawal|Irrigation,,1
NutsSeeds,NutsSeedsTree_CaspianSW,Water Withdrawal,Water Withdrawal|Irrigation,,1
NutsSeeds,NutsSeedsTree_Gobi,Water Withdrawal,Water Withdrawal|Irrigation,,1
NutsSeeds,NutsSeedsTree_LBalkash,Water Withdrawal,Water Withdrawal|Irrigation,,1
NutsSeeds,NutsSeedsTree_ObR,Water Withdrawal,Water Withdrawal|Irrigation,,1
NutsSeeds,NutsSeedsTree_SyrDaryaR,Water Withdrawal,Water Withdrawal|Irrigation,,1
NutsSeeds,NutsSeedsTree_UralR,Water Withdrawal,Water Withdrawal|Irrigation,,1
NutsSeeds,NutsSeedsTree_VolgaR,Water Withdrawal,Water Withdrawal|Irrigation,,1
NutsSeeds,NutsSeedsTree_YeniseiR,Water Withdrawal,Water Withdrawal|Irrigation,,1
NutsSeeds,NutsSeedsTree_BoHai,Water Withdrawal,Water Withdrawal|Irrigation,,1
NutsSeeds,NutsSeedsTree_ChinaCst,Water Withdrawal,Water Withdrawal|Irrigation,,1
NutsSeeds,NutsSeedsTree_GangesR,Water Withdrawal,Water Withdrawal|Irrigation,,1
NutsSeeds,NutsSeedsTree_Hainan,Water Withdrawal,Water Withdrawal|Irrigation,,1
NutsSeeds,NutsSeedsTree_Hong,Water Withdrawal,Water Withdrawal|Irrigation,,1
NutsSeeds,NutsSeedsTree_HuangHeR,Water Withdrawal,Water Withdrawal|Irrigation,,1
NutsSeeds,NutsSeedsTree_IrrawaddyR,Water Withdrawal,Water Withdrawal|Irrigation,,1
NutsSeeds,NutsSeedsTree_Mekong,Water Withdrawal,Water Withdrawal|Irrigation,,1
NutsSeeds,NutsSeedsTree_RusCstSE,Water Withdrawal,Water Withdrawal|Irrigation,,1
NutsSeeds,NutsSeedsTree_SChinaSea,Water Withdrawal,Water Withdrawal|Irrigation,,1
NutsSeeds,NutsSeedsTree_Salween,Water Withdrawal,Water Withdrawal|Irrigation,,1
NutsSeeds,NutsSeedsTree_Tarim,Water Withdrawal,Water Withdrawal|Irrigation,,1
NutsSeeds,NutsSeedsTree_XunJiang,Water Withdrawal,Water Withdrawal|Irrigation,,1
NutsSeeds,NutsSeedsTree_Yangtze,Water Withdrawal,Water Withdrawal|Irrigation,,1
NutsSeeds,NutsSeedsTree_ZiyaHe,Water Withdrawal,Water Withdrawal|Irrigation,,1
NutsSeeds,NutsSeeds_AmurR,Water Withdrawal,Water Withdrawal|Irrigation,,1
NutsSeeds,NutsSeeds_BoHai,Water Withdrawal,Water Withdrawal|Irrigation,,1
NutsSeeds,NutsSeeds_ChinaCst,Water Withdrawal,Water Withdrawal|Irrigation,,1
NutsSeeds,NutsSeeds_Gobi,Water Withdrawal,Water Withdrawal|Irrigation,,1
NutsSeeds,NutsSeeds_Hainan,Water Withdrawal,Water Withdrawal|Irrigation,,1
NutsSeeds,NutsSeeds_Hong,Water Withdrawal,Water Withdrawal|Irrigation,,1
NutsSeeds,NutsSeeds_HuangHeR,Water Withdrawal,Water Withdrawal|Irrigation,,1
NutsSeeds,NutsSeeds_IrrawaddyR,Water Withdrawal,Water Withdrawal|Irrigation,,1
NutsSeeds,NutsSeeds_Mekong,Water Withdrawal,Water Withdrawal|Irrigation,,1
NutsSeeds,NutsSeeds_RusCstSE,Water Withdrawal,Water Withdrawal|Irrigation,,1
NutsSeeds,NutsSeeds_SChinaSea,Water Withdrawal,Water Withdrawal|Irrigation,,1
NutsSeeds,NutsSeeds_Salween,Water Withdrawal,Water Withdrawal|Irrigation,,1
NutsSeeds,NutsSeeds_XunJiang,Water Withdrawal,Water Withdrawal|Irrigation,,1
NutsSeeds,NutsSeeds_Yangtze,Water Withdrawal,Water Withdrawal|Irrigation,,1
NutsSeeds,NutsSeeds_ZiyaHe,Water Withdrawal,Water Withdrawal|Irrigation,,1
NutsSeeds,NutsSeedsTree_AdrBlkSea,Water Withdrawal,Water Withdrawal|Irrigation,,1
NutsSeeds,NutsSeedsTree_DanubeR,Water Withdrawal,Water Withdrawal|Irrigation,,1
NutsSeeds,NutsSeedsTree_ElbeR,Water Withdrawal,Water Withdrawal|Irrigation,,1
NutsSeeds,NutsSeedsTree_OderR,Water Withdrawal,Water Withdrawal|Irrigation,,1
NutsSeeds,NutsSeedsTree_WislaR,Water Withdrawal,Water Withdrawal|Irrigation,,1
NutsSeeds,NutsSeedsTree_DnkGrmCst,Water Withdrawal,Water Withdrawal|Irrigation,,1
NutsSeeds,NutsSeedsTree_DouroR,Water Withdrawal,Water Withdrawal|Irrigation,,1
NutsSeeds,NutsSeedsTree_EbroR,Water Withdrawal,Water Withdrawal|Irrigation,,1
NutsSeeds,NutsSeedsTree_EmsWeserR,Water Withdrawal,Water Withdrawal|Irrigation,,1
NutsSeeds,NutsSeedsTree_FranceCstS,Water Withdrawal,Water Withdrawal|Irrigation,,1
NutsSeeds,NutsSeedsTree_FranceCstW,Water Withdrawal,Water Withdrawal|Irrigation,,1
NutsSeeds,NutsSeedsTree_Gironde,Water Withdrawal,Water Withdrawal|Irrigation,,1
NutsSeeds,NutsSeedsTree_GuadalqR,Water Withdrawal,Water Withdrawal|Irrigation,,1
NutsSeeds,NutsSeedsTree_GuadianaR,Water Withdrawal,Water Withdrawal|Irrigation,,1
NutsSeeds,NutsSeedsTree_IberiaCst,Water Withdrawal,Water Withdrawal|Irrigation,,1
NutsSeeds,NutsSeedsTree_ItalyCstE,Water Withdrawal,Water Withdrawal|Irrigation,,1
NutsSeeds,NutsSeedsTree_ItalyCstW,Water Withdrawal,Water Withdrawal|Irrigation,,1
NutsSeeds,NutsSeedsTree_LoireR,Water Withdrawal,Water Withdrawal|Irrigation,,1
NutsSeeds,NutsSeedsTree_MeditIsl,Water Withdrawal,Water Withdrawal|Irrigation,,1
NutsSeeds,NutsSeedsTree_PoR,Water Withdrawal,Water Withdrawal|Irrigation,,1
NutsSeeds,NutsSeedsTree_RhineR,Water Withdrawal,Water Withdrawal|Irrigation,,1
NutsSeeds,NutsSeedsTree_RhoneR,Water Withdrawal,Water Withdrawal|Irrigation,,1
NutsSeeds,NutsSeedsTree_ScheldtR,Water Withdrawal,Water Withdrawal|Irrigation,,1
NutsSeeds,NutsSeedsTree_SeineR,Water Withdrawal,Water Withdrawal|Irrigation,,1
NutsSeeds,NutsSeedsTree_SpainCstSE,Water Withdrawal,Water Withdrawal|Irrigation,,1
NutsSeeds,NutsSeedsTree_TagusR,Water Withdrawal,Water Withdrawal|Irrigation,,1
NutsSeeds,NutsSeedsTree_TiberR,Water Withdrawal,Water Withdrawal|Irrigation,,1
NutsSeeds,NutsSeedsTree_BlackSeaN,Water Withdrawal,Water Withdrawal|Irrigation,,1
NutsSeeds,NutsSeedsTree_DniesterR,Water Withdrawal,Water Withdrawal|Irrigation,,1
NutsSeeds,NutsSeedsTree_EJrdnSyr,Water Withdrawal,Water Withdrawal|Irrigation,,1
NutsSeeds,NutsSeedsTree_TigrEuphR,Water Withdrawal,Water Withdrawal|Irrigation,,1
NutsSeeds,NutsSeeds_TigrEuphR,Water Withdrawal,Water Withdrawal|Irrigation,,1
NutsSeeds,NutsSeedsTree_BengalW,Water Withdrawal,Water Withdrawal|Irrigation,,1
NutsSeeds,NutsSeedsTree_BrahmaniR,Water Withdrawal,Water Withdrawal|Irrigation,,1
NutsSeeds,NutsSeedsTree_CauveryR,Water Withdrawal,Water Withdrawal|Irrigation,,1
NutsSeeds,NutsSeedsTree_GodavariR,Water Withdrawal,Water Withdrawal|Irrigation,,1
NutsSeeds,NutsSeedsTree_IndCstE,Water Withdrawal,Water Withdrawal|Irrigation,,1
NutsSeeds,NutsSeedsTree_IndCstNE,Water Withdrawal,Water Withdrawal|Irrigation,,1
NutsSeeds,NutsSeedsTree_IndCstS,Water Withdrawal,Water Withdrawal|Irrigation,,1
NutsSeeds,NutsSeedsTree_IndCstW,Water Withdrawal,Water Withdrawal|Irrigation,,1
NutsSeeds,NutsSeedsTree_IndusR,Water Withdrawal,Water Withdrawal|Irrigation,,1
NutsSeeds,NutsSeedsTree_KrishnaR,Water Withdrawal,Water Withdrawal|Irrigation,,1
NutsSeeds,NutsSeedsTree_MahanadiR,Water Withdrawal,Water Withdrawal|Irrigation,,1
NutsSeeds,NutsSeedsTree_MahiR,Water Withdrawal,Water Withdrawal|Irrigation,,1
NutsSeeds,NutsSeedsTree_NarmadaR,Water Withdrawal,Water Withdrawal|Irrigation,,1
NutsSeeds,NutsSeedsTree_PennarR,Water Withdrawal,Water Withdrawal|Irrigation,,1
NutsSeeds,NutsSeedsTree_SabarmatiR,Water Withdrawal,Water Withdrawal|Irrigation,,1
NutsSeeds,NutsSeedsTree_TaptiR,Water Withdrawal,Water Withdrawal|Irrigation,,1
NutsSeeds,NutsSeeds_BengalW,Water Withdrawal,Water Withdrawal|Irrigation,,1
NutsSeeds,NutsSeeds_BrahmaniR,Water Withdrawal,Water Withdrawal|Irrigation,,1
NutsSeeds,NutsSeeds_CauveryR,Water Withdrawal,Water Withdrawal|Irrigation,,1
NutsSeeds,NutsSeeds_GangesR,Water Withdrawal,Water Withdrawal|Irrigation,,1
NutsSeeds,NutsSeeds_GodavariR,Water Withdrawal,Water Withdrawal|Irrigation,,1
NutsSeeds,NutsSeeds_IndCstE,Water Withdrawal,Water Withdrawal|Irrigation,,1
NutsSeeds,NutsSeeds_IndCstNE,Water Withdrawal,Water Withdrawal|Irrigation,,1
NutsSeeds,NutsSeeds_IndCstS,Water Withdrawal,Water Withdrawal|Irrigation,,1
NutsSeeds,NutsSeeds_IndCstW,Water Withdrawal,Water Withdrawal|Irrigation,,1
NutsSeeds,NutsSeeds_IndusR,Water Withdrawal,Water Withdrawal|Irrigation,,1
NutsSeeds,NutsSeeds_KrishnaR,Water Withdrawal,Water Withdrawal|Irrigation,,1
NutsSeeds,NutsSeeds_MahanadiR,Water Withdrawal,Water Withdrawal|Irrigation,,1
NutsSeeds,NutsSeeds_MahiR,Water Withdrawal,Water Withdrawal|Irrigation,,1
NutsSeeds,NutsSeeds_NarmadaR,Water Withdrawal,Water Withdrawal|Irrigation,,1
NutsSeeds,NutsSeeds_PennarR,Water Withdrawal,Water Withdrawal|Irrigation,,1
NutsSeeds,NutsSeeds_SabarmatiR,Water Withdrawal,Water Withdrawal|Irrigation,,1
NutsSeeds,NutsSeeds_TaptiR,Water Withdrawal,Water Withdrawal|Irrigation,,1
NutsSeeds,NutsSeedsTree_Japan,Water Withdrawal,Water Withdrawal|Irrigation,,1
NutsSeeds,NutsSeedsTree_Taiwan,Water Withdrawal,Water Withdrawal|Irrigation,,1
NutsSeeds,NutsSeedsTree_California,Water Withdrawal,Water Withdrawal|Irrigation,,1
NutsSeeds,NutsSeedsTree_MexBaja,Water Withdrawal,Water Withdrawal|Irrigation,,1
NutsSeeds,NutsSeedsTree_MexCstNW,Water Withdrawal,Water Withdrawal|Irrigation,,1
NutsSeeds,NutsSeedsTree_MexCstW,Water Withdrawal,Water Withdrawal|Irrigation,,1
NutsSeeds,NutsSeedsTree_MexGulf,Water Withdrawal,Water Withdrawal|Irrigation,,1
NutsSeeds,NutsSeedsTree_MexInt,Water Withdrawal,Water Withdrawal|Irrigation,,1
NutsSeeds,NutsSeedsTree_Papaloapan,Water Withdrawal,Water Withdrawal|Irrigation,,1
NutsSeeds,NutsSeedsTree_RioBalsas,Water Withdrawal,Water Withdrawal|Irrigation,,1
NutsSeeds,NutsSeedsTree_RioGrande,Water Withdrawal,Water Withdrawal|Irrigation,,1
NutsSeeds,NutsSeedsTree_RioLerma,Water Withdrawal,Water Withdrawal|Irrigation,,1
NutsSeeds,NutsSeedsTree_RioVerde,Water Withdrawal,Water Withdrawal|Irrigation,,1
NutsSeeds,NutsSeedsTree_Tehuantpc,Water Withdrawal,Water Withdrawal|Irrigation,,1
NutsSeeds,NutsSeedsTree_UsaColoRS,Water Withdrawal,Water Withdrawal|Irrigation,,1
NutsSeeds,NutsSeedsTree_ArabianP,Water Withdrawal,Water Withdrawal|Irrigation,,1
NutsSeeds,NutsSeedsTree_ArabianSea,Water Withdrawal,Water Withdrawal|Irrigation,,1
NutsSeeds,NutsSeedsTree_DeadSea,Water Withdrawal,Water Withdrawal|Irrigation,,1
NutsSeeds,NutsSeedsTree_FarahrudR,Water Withdrawal,Water Withdrawal|Irrigation,,1
NutsSeeds,NutsSeedsTree_HamuMashR,Water Withdrawal,Water Withdrawal|Irrigation,,1
NutsSeeds,NutsSeedsTree_Helmand,Water Withdrawal,Water Withdrawal|Irrigation,,1
NutsSeeds,NutsSeedsTree_Iran,Water Withdrawal,Water Withdrawal|Irrigation,,1
NutsSeeds,NutsSeedsTree_PersianGulf,Water Withdrawal,Water Withdrawal|Irrigation,,1
NutsSeeds,NutsSeedsTree_RedSeaE,Water Withdrawal,Water Withdrawal|Irrigation,,1
NutsSeeds,NutsSeedsTree_SinaiP,Water Withdrawal,Water Withdrawal|Irrigation,,1
NutsSeeds,NutsSeeds_ArabianP,Water Withdrawal,Water Withdrawal|Irrigation,,1
NutsSeeds,NutsSeeds_CaspianSW,Water Withdrawal,Water Withdrawal|Irrigation,,1
NutsSeeds,NutsSeeds_DeadSea,Water Withdrawal,Water Withdrawal|Irrigation,,1
NutsSeeds,NutsSeeds_EJrdnSyr,Water Withdrawal,Water Withdrawal|Irrigation,,1
NutsSeeds,NutsSeeds_RedSeaE,Water Withdrawal,Water Withdrawal|Irrigation,,1
NutsSeeds,NutsSeedsTree_AfrCstSSW,Water Withdrawal,Water Withdrawal|Irrigation,,1
NutsSeeds,NutsSeedsTree_OrangeR,Water Withdrawal,Water Withdrawal|Irrigation,,1
NutsSeeds,NutsSeeds_AfrCstS,Water Withdrawal,Water Withdrawal|Irrigation,,1
NutsSeeds,NutsSeeds_AfrCstSSW,Water Withdrawal,Water Withdrawal|Irrigation,,1
NutsSeeds,NutsSeeds_OrangeR,Water Withdrawal,Water Withdrawal|Irrigation,,1
NutsSeeds,NutsSeedsTree_ChileCstN,Water Withdrawal,Water Withdrawal|Irrigation,,1
NutsSeeds,NutsSeedsTree_ChileCstS,Water Withdrawal,Water Withdrawal|Irrigation,,1
NutsSeeds,NutsSeedsTree_ColEcuaCst,Water Withdrawal,Water Withdrawal|Irrigation,,1
NutsSeeds,NutsSeedsTree_LaPuna,Water Withdrawal,Water Withdrawal|Irrigation,,1
NutsSeeds,NutsSeedsTree_PeruCst,Water Withdrawal,Water Withdrawal|Irrigation,,1
NutsSeeds,NutsSeedsTree_Korea,Water Withdrawal,Water Withdrawal|Irrigation,,1
NutsSeeds,NutsSeedsTree_BengalBay,Water Withdrawal,Water Withdrawal|Irrigation,,1
NutsSeeds,NutsSeedsTree_BorneoCstN,Water Withdrawal,Water Withdrawal|Irrigation,,1
NutsSeeds,NutsSeedsTree_ChaoPhrR,Water Withdrawal,Water Withdrawal|Irrigation,,1
NutsSeeds,NutsSeedsTree_MalaysiaP,Water Withdrawal,Water Withdrawal|Irrigation,,1
NutsSeeds,NutsSeedsTree_SittaungR,Water Withdrawal,Water Withdrawal|Irrigation,,1
NutsSeeds,NutsSeedsTree_ThaiGulf,Water Withdrawal,Water Withdrawal|Irrigation,,1
NutsSeeds,NutsSeedsTree_VietnamCst,Water Withdrawal,Water Withdrawal|Irrigation,,1
NutsSeeds,NutsSeeds_BengalBay,Water Withdrawal,Water Withdrawal|Irrigation,,1
NutsSeeds,NutsSeeds_MalaysiaP,Water Withdrawal,Water Withdrawal|Irrigation,,1
NutsSeeds,NutsSeeds_SittaungR,Water Withdrawal,Water Withdrawal|Irrigation,,1
NutsSeeds,NutsSeedsTree_ArkWhtRedR,Water Withdrawal,Water Withdrawal|Irrigation,,1
NutsSeeds,NutsSeedsTree_FraserR,Water Withdrawal,Water Withdrawal|Irrigation,,1
NutsSeeds,NutsSeedsTree_GreatBasin,Water Withdrawal,Water Withdrawal|Irrigation,,1
NutsSeeds,NutsSeedsTree_GreatLakes,Water Withdrawal,Water Withdrawal|Irrigation,,1
NutsSeeds,NutsSeedsTree_MissouriR,Water Withdrawal,Water Withdrawal|Irrigation,,1
NutsSeeds,NutsSeedsTree_MissppRN,Water Withdrawal,Water Withdrawal|Irrigation,,1
NutsSeeds,NutsSeedsTree_MissppRS,Water Withdrawal,Water Withdrawal|Irrigation,,1
NutsSeeds,NutsSeedsTree_NelsonR,Water Withdrawal,Water Withdrawal|Irrigation,,1
NutsSeeds,NutsSeedsTree_OhioR,Water Withdrawal,Water Withdrawal|Irrigation,,1
NutsSeeds,NutsSeedsTree_TennR,Water Withdrawal,Water Withdrawal|Irrigation,,1
NutsSeeds,NutsSeedsTree_TexasCst,Water Withdrawal,Water Withdrawal|Irrigation,,1
NutsSeeds,NutsSeedsTree_UsaColoRN,Water Withdrawal,Water Withdrawal|Irrigation,,1
NutsSeeds,NutsSeedsTree_UsaCstE,Water Withdrawal,Water Withdrawal|Irrigation,,1
NutsSeeds,NutsSeedsTree_UsaCstNE,Water Withdrawal,Water Withdrawal|Irrigation,,1
NutsSeeds,NutsSeedsTree_UsaCstSE,Water Withdrawal,Water Withdrawal|Irrigation,,1
NutsSeeds,NutsSeedsTree_UsaPacNW,Water Withdrawal,Water Withdrawal|Irrigation,,1
NutsSeeds,NutsSeeds_ArkWhtRedR,Water Withdrawal,Water Withdrawal|Irrigation,,1
NutsSeeds,NutsSeeds_MissppRS,Water Withdrawal,Water Withdrawal|Irrigation,,1
NutsSeeds,NutsSeeds_RioGrande,Water Withdrawal,Water Withdrawal|Irrigation,,1
NutsSeeds,NutsSeeds_TexasCst,Water Withdrawal,Water Withdrawal|Irrigation,,1
NutsSeeds,NutsSeeds_UsaCstE,Water Withdrawal,Water Withdrawal|Irrigation,,1
NutsSeeds,NutsSeeds_UsaCstSE,Water Withdrawal,Water Withdrawal|Irrigation,,1
OilCrop,OilCropTree_AfrCstNE,Water Withdrawal,Water Withdrawal|Irrigation,,1
OilCrop,OilCropTree_ShebJubR,Water Withdrawal,Water Withdrawal|Irrigation,,1
OilCrop,OilCrop_AfrCstE,Water Withdrawal,Water Withdrawal|Irrigation,,1
OilCrop,OilCrop_AfrCstNE,Water Withdrawal,Water Withdrawal|Irrigation,,1
OilCrop,OilCrop_LChad,Water Withdrawal,Water Withdrawal|Irrigation,,1
OilCrop,OilCrop_NileR,Water Withdrawal,Water Withdrawal|Irrigation,,1
OilCrop,OilCrop_RiftValley,Water Withdrawal,Water Withdrawal|Irrigation,,1
OilCrop,OilCrop_ShebJubR,Water Withdrawal,Water Withdrawal|Irrigation,,1
OilCrop,OilCropTree_AfrCstNW,Water Withdrawal,Water Withdrawal|Irrigation,,1
OilCrop,OilCropTree_AfrIntN,Water Withdrawal,Water Withdrawal|Irrigation,,1
OilCrop,OilCropTree_MeditE,Water Withdrawal,Water Withdrawal|Irrigation,,1
OilCrop,OilCropTree_MeditS,Water Withdrawal,Water Withdrawal|Irrigation,,1
OilCrop,OilCropTree_NileR,Water Withdrawal,Water Withdrawal|Irrigation,,1
OilCrop,OilCropTree_SinaiP,Water Withdrawal,Water Withdrawal|Irrigation,,1
OilCrop,OilCrop_AfrCstNW,Water Withdrawal,Water Withdrawal|Irrigation,,1
OilCrop,OilCrop_AfrIntN,Water Withdrawal,Water Withdrawal|Irrigation,,1
OilCrop,OilCrop_MeditE,Water Withdrawal,Water Withdrawal|Irrigation,,1
OilCrop,OilCrop_MeditS,Water Withdrawal,Water Withdrawal|Irrigation,,1
OilCrop,OilCrop_SinaiP,Water Withdrawal,Water Withdrawal|Irrigation,,1
OilCrop,OilCrop_AfrCstS,Water Withdrawal,Water Withdrawal|Irrigation,,1
OilCrop,OilCrop_AfrCstSE,Water Withdrawal,Water Withdrawal|Irrigation,,1
OilCrop,OilCrop_AfrIntS,Water Withdrawal,Water Withdrawal|Irrigation,,1
OilCrop,OilCrop_AngolaCst,Water Withdrawal,Water Withdrawal|Irrigation,,1
OilCrop,OilCrop_CongoR,Water Withdrawal,Water Withdrawal|Irrigation,,1
OilCrop,OilCrop_LimpopoR,Water Withdrawal,Water Withdrawal|Irrigation,,1
OilCrop,OilCrop_ZambeziR,Water Withdrawal,Water Withdrawal|Irrigation,,1
OilCrop,OilCrop_AfrCstW,Water Withdrawal,Water Withdrawal|Irrigation,,1
OilCrop,OilCrop_GuineaGulf,Water Withdrawal,Water Withdrawal|Irrigation,,1
OilCrop,OilCrop_NigerR,Water Withdrawal,Water Withdrawal|Irrigation,,1
OilCrop,OilCrop_SenegalR,Water Withdrawal,Water Withdrawal|Irrigation,,1
OilCrop,OilCrop_VoltaR,Water Withdrawal,Water Withdrawal|Irrigation,,1
OilCrop,OilCropTree_ArgColoR,Water Withdrawal,Water Withdrawal|Irrigation,,1
OilCrop,OilCropTree_ArgCstN,Water Withdrawal,Water Withdrawal|Irrigation,,1
OilCrop,OilCropTree_ArgCstS,Water Withdrawal,Water Withdrawal|Irrigation,,1
OilCrop,OilCropTree_ChileCstS,Water Withdrawal,Water Withdrawal|Irrigation,,1
OilCrop,OilCropTree_MarChiq,Water Withdrawal,Water Withdrawal|Irrigation,,1
OilCrop,OilCropTree_NegroR,Water Withdrawal,Water Withdrawal|Irrigation,,1
OilCrop,OilCropTree_Pampas,Water Withdrawal,Water Withdrawal|Irrigation,,1
OilCrop,OilCropTree_Patagonia,Water Withdrawal,Water Withdrawal|Irrigation,,1
OilCrop,OilCropTree_RioLaPlata,Water Withdrawal,Water Withdrawal|Irrigation,,1
OilCrop,OilCropTree_Salinas,Water Withdrawal,Water Withdrawal|Irrigation,,1
OilCrop,OilCrop_ArgColoR,Water Withdrawal,Water Withdrawal|Irrigation,,1
OilCrop,OilCrop_ArgCstN,Water Withdrawal,Water Withdrawal|Irrigation,,1
OilCrop,OilCrop_ArgCstS,Water Withdrawal,Water Withdrawal|Irrigation,,1
OilCrop,OilCrop_ChileCstS,Water Withdrawal,Water Withdrawal|Irrigation,,1
OilCrop,OilCrop_MarChiq,Water Withdrawal,Water Withdrawal|Irrigation,,1
OilCrop,OilCrop_NegroR,Water Withdrawal,Water Withdrawal|Irrigation,,1
OilCrop,OilCrop_Pampas,Water Withdrawal,Water Withdrawal|Irrigation,,1
OilCrop,OilCrop_Patagonia,Water Withdrawal,Water Withdrawal|Irrigation,,1
OilCrop,OilCrop_RioLaPlata,Water Withdrawal,Water Withdrawal|Irrigation,,1
OilCrop,OilCrop_Salinas,Water Withdrawal,Water Withdrawal|Irrigation,,1
OilCrop,OilCropTree_AusCstE,Water Withdrawal,Water Withdrawal|Irrigation,,1
OilCrop,OilCropTree_AusCstS,Water Withdrawal,Water Withdrawal|Irrigation,,1
OilCrop,OilCropTree_AusCstW,Water Withdrawal,Water Withdrawal|Irrigation,,1
OilCrop,OilCropTree_AusInt,Water Withdrawal,Water Withdrawal|Irrigation,,1
OilCrop,OilCropTree_MurrayDrlg,Water Withdrawal,Water Withdrawal|Irrigation,,1
OilCrop,OilCropTree_Tasmania,Water Withdrawal,Water Withdrawal|Irrigation,,1
OilCrop,OilCrop_AusCstE,Water Withdrawal,Water Withdrawal|Irrigation,,1
OilCrop,OilCrop_AusCstS,Water Withdrawal,Water Withdrawal|Irrigation,,1
OilCrop,OilCrop_AusCstW,Water Withdrawal,Water Withdrawal|Irrigation,,1
OilCrop,OilCrop_MurrayDrlg,Water Withdrawal,Water Withdrawal|Irrigation,,1
OilCrop,OilCrop_NewZealand,Water Withdrawal,Water Withdrawal|Irrigation,,1
OilCrop,OilCrop_Tasmania,Water Withdrawal,Water Withdrawal|Irrigation,,1
OilCrop,OilCropTree_AmazonR,Water Withdrawal,Water Withdrawal|Irrigation,,1
OilCrop,OilCropTree_BrzCstE,Water Withdrawal,Water Withdrawal|Irrigation,,1
OilCrop,OilCropTree_BrzCstN,Water Withdrawal,Water Withdrawal|Irrigation,,1
OilCrop,OilCropTree_BrzCstS,Water Withdrawal,Water Withdrawal|Irrigation,,1
OilCrop,OilCropTree_ParnaibaR,Water Withdrawal,Water Withdrawal|Irrigation,,1
OilCrop,OilCropTree_SaoFrancR,Water Withdrawal,Water Withdrawal|Irrigation,,1
OilCrop,OilCropTree_TocantinsR,Water Withdrawal,Water Withdrawal|Irrigation,,1
OilCrop,OilCrop_AmazonR,Water Withdrawal,Water Withdrawal|Irrigation,,1
OilCrop,OilCrop_BrzCstE,Water Withdrawal,Water Withdrawal|Irrigation,,1
OilCrop,OilCrop_BrzCstN,Water Withdrawal,Water Withdrawal|Irrigation,,1
OilCrop,OilCrop_BrzCstS,Water Withdrawal,Water Withdrawal|Irrigation,,1
OilCrop,OilCrop_ParnaibaR,Water Withdrawal,Water Withdrawal|Irrigation,,1
OilCrop,OilCrop_SaoFrancR,Water Withdrawal,Water Withdrawal|Irrigation,,1
OilCrop,OilCrop_TocantinsR,Water Withdrawal,Water Withdrawal|Irrigation,,1
OilCrop,OilCrop_FraserR,Water Withdrawal,Water Withdrawal|Irrigation,,1
OilCrop,OilCrop_GreatLakes,Water Withdrawal,Water Withdrawal|Irrigation,,1
OilCrop,OilCrop_Mackenzie,Water Withdrawal,Water Withdrawal|Irrigation,,1
OilCrop,OilCrop_MissouriR,Water Withdrawal,Water Withdrawal|Irrigation,,1
OilCrop,OilCrop_NWTerr,Water Withdrawal,Water Withdrawal|Irrigation,,1
OilCrop,OilCrop_NelsonR,Water Withdrawal,Water Withdrawal|Irrigation,,1
OilCrop,OilCrop_PacArctic,Water Withdrawal,Water Withdrawal|Irrigation,,1
OilCrop,OilCrop_StLwrncR,Water Withdrawal,Water Withdrawal|Irrigation,,1
OilCrop,OilCrop_UsaPacNW,Water Withdrawal,Water Withdrawal|Irrigation,,1
OilCrop,OilCrop_Caribbean,Water Withdrawal,Water Withdrawal|Irrigation,,1
OilCrop,OilCrop_CntAmer,Water Withdrawal,Water Withdrawal|Irrigation,,1
OilCrop,OilCrop_GrijUsuR,Water Withdrawal,Water Withdrawal|Irrigation,,1
OilCrop,OilCrop_SAmerCstN,Water Withdrawal,Water Withdrawal|Irrigation,,1
OilCrop,OilCrop_YucatanP,Water Withdrawal,Water Withdrawal|Irrigation,,1
OilCrop,OilCropTree_AmuDaryaR,Water Withdrawal,Water Withdrawal|Irrigation,,1
OilCrop,OilCropTree_CaspianE,Water Withdrawal,Water Withdrawal|Irrigation,,1
OilCrop,OilCropTree_CaspianNE,Water Withdrawal,Water Withdrawal|Irrigation,,1
OilCrop,OilCropTree_CaspianSW,Water Withdrawal,Water Withdrawal|Irrigation,,1
OilCrop,OilCropTree_SyrDaryaR,Water Withdrawal,Water Withdrawal|Irrigation,,1
OilCrop,OilCrop_AmuDaryaR,Water Withdrawal,Water Withdrawal|Irrigation,,1
OilCrop,OilCrop_CaspianE,Water Withdrawal,Water Withdrawal|Irrigation,,1
OilCrop,OilCrop_CaspianNE,Water Withdrawal,Water Withdrawal|Irrigation,,1
OilCrop,OilCrop_Gobi,Water Withdrawal,Water Withdrawal|Irrigation,,1
OilCrop,OilCrop_LBalkash,Water Withdrawal,Water Withdrawal|Irrigation,,1
OilCrop,OilCrop_ObR,Water Withdrawal,Water Withdrawal|Irrigation,,1
OilCrop,OilCrop_SyrDaryaR,Water Withdrawal,Water Withdrawal|Irrigation,,1
OilCrop,OilCrop_UralR,Water Withdrawal,Water Withdrawal|Irrigation,,1
OilCrop,OilCrop_VolgaR,Water Withdrawal,Water Withdrawal|Irrigation,,1
OilCrop,OilCropTree_AmurR,Water Withdrawal,Water Withdrawal|Irrigation,,1
OilCrop,OilCropTree_BoHai,Water Withdrawal,Water Withdrawal|Irrigation,,1
OilCrop,OilCropTree_ChinaCst,Water Withdrawal,Water Withdrawal|Irrigation,,1
OilCrop,OilCropTree_Gobi,Water Withdrawal,Water Withdrawal|Irrigation,,1
OilCrop,OilCropTree_HuangHeR,Water Withdrawal,Water Withdrawal|Irrigation,,1
OilCrop,OilCropTree_SChinaSea,Water Withdrawal,Water Withdrawal|Irrigation,,1
OilCrop,OilCropTree_Tarim,Water Withdrawal,Water Withdrawal|Irrigation,,1
OilCrop,OilCropTree_XunJiang,Water Withdrawal,Water Withdrawal|Irrigation,,1
OilCrop,OilCropTree_Yangtze,Water Withdrawal,Water Withdrawal|Irrigation,,1
OilCrop,OilCropTree_ZiyaHe,Water Withdrawal,Water Withdrawal|Irrigation,,1
OilCrop,OilCrop_AmurR,Water Withdrawal,Water Withdrawal|Irrigation,,1
OilCrop,OilCrop_BoHai,Water Withdrawal,Water Withdrawal|Irrigation,,1
OilCrop,OilCrop_ChinaCst,Water Withdrawal,Water Withdrawal|Irrigation,,1
OilCrop,OilCrop_GangesR,Water Withdrawal,Water Withdrawal|Irrigation,,1
OilCrop,OilCrop_Hainan,Water Withdrawal,Water Withdrawal|Irrigation,,1
OilCrop,OilCrop_Hong,Water Withdrawal,Water Withdrawal|Irrigation,,1
OilCrop,OilCrop_HuangHeR,Water Withdrawal,Water Withdrawal|Irrigation,,1
OilCrop,OilCrop_IrrawaddyR,Water Withdrawal,Water Withdrawal|Irrigation,,1
OilCrop,OilCrop_Mekong,Water Withdrawal,Water Withdrawal|Irrigation,,1
OilCrop,OilCrop_RusCstSE,Water Withdrawal,Water Withdrawal|Irrigation,,1
OilCrop,OilCrop_SChinaSea,Water Withdrawal,Water Withdrawal|Irrigation,,1
OilCrop,OilCrop_Salween,Water Withdrawal,Water Withdrawal|Irrigation,,1
OilCrop,OilCrop_Tarim,Water Withdrawal,Water Withdrawal|Irrigation,,1
OilCrop,OilCrop_XunJiang,Water Withdrawal,Water Withdrawal|Irrigation,,1
OilCrop,OilCrop_Yangtze,Water Withdrawal,Water Withdrawal|Irrigation,,1
OilCrop,OilCrop_ZiyaHe,Water Withdrawal,Water Withdrawal|Irrigation,,1
OilCrop,OilCrop_ColEcuaCst,Water Withdrawal,Water Withdrawal|Irrigation,,1
OilCrop,OilCrop_MagdalenaR,Water Withdrawal,Water Withdrawal|Irrigation,,1
OilCrop,OilCrop_OrinocoR,Water Withdrawal,Water Withdrawal|Irrigation,,1
OilCrop,OilCrop_AdrBlkSea,Water Withdrawal,Water Withdrawal|Irrigation,,1
OilCrop,OilCrop_BalticSea,Water Withdrawal,Water Withdrawal|Irrigation,,1
OilCrop,OilCrop_DanubeR,Water Withdrawal,Water Withdrawal|Irrigation,,1
OilCrop,OilCrop_DaugavaR,Water Withdrawal,Water Withdrawal|Irrigation,,1
OilCrop,OilCrop_ElbeR,Water Withdrawal,Water Withdrawal|Irrigation,,1
OilCrop,OilCrop_NarvaR,Water Withdrawal,Water Withdrawal|Irrigation,,1
OilCrop,OilCrop_NemanR,Water Withdrawal,Water Withdrawal|Irrigation,,1
OilCrop,OilCrop_OderR,Water Withdrawal,Water Withdrawal|Irrigation,,1
OilCrop,OilCrop_PolandCst,Water Withdrawal,Water Withdrawal|Irrigation,,1
OilCrop,OilCrop_WislaR,Water Withdrawal,Water Withdrawal|Irrigation,,1
OilCrop,OilCropTree_AdrBlkSea,Water Withdrawal,Water Withdrawal|Irrigation,,1
OilCrop,OilCropTree_DouroR,Water Withdrawal,Water Withdrawal|Irrigation,,1
OilCrop,OilCropTree_EbroR,Water Withdrawal,Water Withdrawal|Irrigation,,1
OilCrop,OilCropTree_FranceCstS,Water Withdrawal,Water Withdrawal|Irrigation,,1
OilCrop,OilCropTree_Gironde,Water Withdrawal,Water Withdrawal|Irrigation,,1
OilCrop,OilCropTree_GuadalqR,Water Withdrawal,Water Withdrawal|Irrigation,,1
OilCrop,OilCropTree_GuadianaR,Water Withdrawal,Water Withdrawal|Irrigation,,1
OilCrop,OilCropTree_IberiaCst,Water Withdrawal,Water Withdrawal|Irrigation,,1
OilCrop,OilCropTree_ItalyCstE,Water Withdrawal,Water Withdrawal|Irrigation,,1
OilCrop,OilCropTree_ItalyCstW,Water Withdrawal,Water Withdrawal|Irrigation,,1
OilCrop,OilCropTree_MeditIsl,Water Withdrawal,Water Withdrawal|Irrigation,,1
OilCrop,OilCropTree_PoR,Water Withdrawal,Water Withdrawal|Irrigation,,1
OilCrop,OilCropTree_RhoneR,Water Withdrawal,Water Withdrawal|Irrigation,,1
OilCrop,OilCropTree_SpainCstSE,Water Withdrawal,Water Withdrawal|Irrigation,,1
OilCrop,OilCropTree_TagusR,Water Withdrawal,Water Withdrawal|Irrigation,,1
OilCrop,OilCropTree_TiberR,Water Withdrawal,Water Withdrawal|Irrigation,,1
OilCrop,OilCrop_DnkGrmCst,Water Withdrawal,Water Withdrawal|Irrigation,,1
OilCrop,OilCrop_DouroR,Water Withdrawal,Water Withdrawal|Irrigation,,1
OilCrop,OilCrop_EbroR,Water Withdrawal,Water Withdrawal|Irrigation,,1
OilCrop,OilCrop_EmsWeserR,Water Withdrawal,Water Withdrawal|Irrigation,,1
OilCrop,OilCrop_EngWales,Water Withdrawal,Water Withdrawal|Irrigation,,1
OilCrop,OilCrop_FranceCstS,Water Withdrawal,Water Withdrawal|Irrigation,,1
OilCrop,OilCrop_FranceCstW,Water Withdrawal,Water Withdrawal|Irrigation,,1
OilCrop,OilCrop_Gironde,Water Withdrawal,Water Withdrawal|Irrigation,,1
OilCrop,OilCrop_GuadalqR,Water Withdrawal,Water Withdrawal|Irrigation,,1
OilCrop,OilCrop_GuadianaR,Water Withdrawal,Water Withdrawal|Irrigation,,1
OilCrop,OilCrop_IberiaCst,Water Withdrawal,Water Withdrawal|Irrigation,,1
OilCrop,OilCrop_Ireland,Water Withdrawal,Water Withdrawal|Irrigation,,1
OilCrop,OilCrop_ItalyCstE,Water Withdrawal,Water Withdrawal|Irrigation,,1
OilCrop,OilCrop_ItalyCstW,Water Withdrawal,Water Withdrawal|Irrigation,,1
OilCrop,OilCrop_LoireR,Water Withdrawal,Water Withdrawal|Irrigation,,1
OilCrop,OilCrop_MeditIsl,Water Withdrawal,Water Withdrawal|Irrigation,,1
OilCrop,OilCrop_PoR,Water Withdrawal,Water Withdrawal|Irrigation,,1
OilCrop,OilCrop_RhineR,Water Withdrawal,Water Withdrawal|Irrigation,,1
OilCrop,OilCrop_RhoneR,Water Withdrawal,Water Withdrawal|Irrigation,,1
OilCrop,OilCrop_ScheldtR,Water Withdrawal,Water Withdrawal|Irrigation,,1
OilCrop,OilCrop_Scotland,Water Withdrawal,Water Withdrawal|Irrigation,,1
OilCrop,OilCrop_SeineR,Water Withdrawal,Water Withdrawal|Irrigation,,1
OilCrop,OilCrop_SpainCstSE,Water Withdrawal,Water Withdrawal|Irrigation,,1
OilCrop,OilCrop_Sweden,Water Withdrawal,Water Withdrawal|Irrigation,,1
OilCrop,OilCrop_TagusR,Water Withdrawal,Water Withdrawal|Irrigation,,1
OilCrop,OilCrop_TiberR,Water Withdrawal,Water Withdrawal|Irrigation,,1
OilCrop,OilCrop_BlackSeaN,Water Withdrawal,Water Withdrawal|Irrigation,,1
OilCrop,OilCrop_DnieperR,Water Withdrawal,Water Withdrawal|Irrigation,,1
OilCrop,OilCrop_DniesterR,Water Withdrawal,Water Withdrawal|Irrigation,,1
OilCrop,OilCrop_DonR,Water Withdrawal,Water Withdrawal|Irrigation,,1
OilCrop,OilCrop_NevaR,Water Withdrawal,Water Withdrawal|Irrigation,,1
OilCrop,OilCropTree_BlackSeaS,Water Withdrawal,Water Withdrawal|Irrigation,,1
OilCrop,OilCropTree_DanubeR,Water Withdrawal,Water Withdrawal|Irrigation,,1
OilCrop,OilCropTree_EJrdnSyr,Water Withdrawal,Water Withdrawal|Irrigation,,1
OilCrop,OilCropTree_TigrEuphR,Water Withdrawal,Water Withdrawal|Irrigation,,1
OilCrop,OilCrop_BlackSeaS,Water Withdrawal,Water Withdrawal|Irrigation,,1
OilCrop,OilCrop_CaspianSW,Water Withdrawal,Water Withdrawal|Irrigation,,1
OilCrop,OilCrop_EJrdnSyr,Water Withdrawal,Water Withdrawal|Irrigation,,1
OilCrop,OilCrop_TigrEuphR,Water Withdrawal,Water Withdrawal|Irrigation,,1
OilCrop,OilCrop_BengalW,Water Withdrawal,Water Withdrawal|Irrigation,,1
OilCrop,OilCrop_BrahmaniR,Water Withdrawal,Water Withdrawal|Irrigation,,1
OilCrop,OilCrop_CauveryR,Water Withdrawal,Water Withdrawal|Irrigation,,1
OilCrop,OilCrop_GodavariR,Water Withdrawal,Water Withdrawal|Irrigation,,1
OilCrop,OilCrop_IndCstE,Water Withdrawal,Water Withdrawal|Irrigation,,1
OilCrop,OilCrop_IndCstNE,Water Withdrawal,Water Withdrawal|Irrigation,,1
OilCrop,OilCrop_IndCstS,Water Withdrawal,Water Withdrawal|Irrigation,,1
OilCrop,OilCrop_IndCstW,Water Withdrawal,Water Withdrawal|Irrigation,,1
OilCrop,OilCrop_IndusR,Water Withdrawal,Water Withdrawal|Irrigation,,1
OilCrop,OilCrop_KrishnaR,Water Withdrawal,Water Withdrawal|Irrigation,,1
OilCrop,OilCrop_MahanadiR,Water Withdrawal,Water Withdrawal|Irrigation,,1
OilCrop,OilCrop_MahiR,Water Withdrawal,Water Withdrawal|Irrigation,,1
OilCrop,OilCrop_NarmadaR,Water Withdrawal,Water Withdrawal|Irrigation,,1
OilCrop,OilCrop_PennarR,Water Withdrawal,Water Withdrawal|Irrigation,,1
OilCrop,OilCrop_SabarmatiR,Water Withdrawal,Water Withdrawal|Irrigation,,1
OilCrop,OilCrop_TaptiR,Water Withdrawal,Water Withdrawal|Irrigation,,1
OilCrop,OilCropTree_California,Water Withdrawal,Water Withdrawal|Irrigation,,1
OilCrop,OilCropTree_MexBaja,Water Withdrawal,Water Withdrawal|Irrigation,,1
OilCrop,OilCropTree_MexCstNW,Water Withdrawal,Water Withdrawal|Irrigation,,1
OilCrop,OilCropTree_MexInt,Water Withdrawal,Water Withdrawal|Irrigation,,1
OilCrop,OilCropTree_RioLerma,Water Withdrawal,Water Withdrawal|Irrigation,,1
OilCrop,OilCropTree_RioVerde,Water Withdrawal,Water Withdrawal|Irrigation,,1
OilCrop,OilCropTree_UsaColoRS,Water Withdrawal,Water Withdrawal|Irrigation,,1
OilCrop,OilCrop_California,Water Withdrawal,Water Withdrawal|Irrigation,,1
OilCrop,OilCrop_MexBaja,Water Withdrawal,Water Withdrawal|Irrigation,,1
OilCrop,OilCrop_MexCstNW,Water Withdrawal,Water Withdrawal|Irrigation,,1
OilCrop,OilCrop_MexCstW,Water Withdrawal,Water Withdrawal|Irrigation,,1
OilCrop,OilCrop_MexGulf,Water Withdrawal,Water Withdrawal|Irrigation,,1
OilCrop,OilCrop_MexInt,Water Withdrawal,Water Withdrawal|Irrigation,,1
OilCrop,OilCrop_Papaloapan,Water Withdrawal,Water Withdrawal|Irrigation,,1
OilCrop,OilCrop_RioBalsas,Water Withdrawal,Water Withdrawal|Irrigation,,1
OilCrop,OilCrop_RioGrande,Water Withdrawal,Water Withdrawal|Irrigation,,1
OilCrop,OilCrop_RioLerma,Water Withdrawal,Water Withdrawal|Irrigation,,1
OilCrop,OilCrop_RioVerde,Water Withdrawal,Water Withdrawal|Irrigation,,1
OilCrop,OilCrop_Tehuantpc,Water Withdrawal,Water Withdrawal|Irrigation,,1
OilCrop,OilCrop_UsaColoRS,Water Withdrawal,Water Withdrawal|Irrigation,,1
OilCrop,OilCropTree_ArabianP,Water Withdrawal,Water Withdrawal|Irrigation,,1
OilCrop,OilCropTree_DeadSea,Water Withdrawal,Water Withdrawal|Irrigation,,1
OilCrop,OilCropTree_FarahrudR,Water Withdrawal,Water Withdrawal|Irrigation,,1
OilCrop,OilCropTree_HamuMashR,Water Withdrawal,Water Withdrawal|Irrigation,,1
OilCrop,OilCropTree_Helmand,Water Withdrawal,Water Withdrawal|Irrigation,,1
OilCrop,OilCropTree_Iran,Water Withdrawal,Water Withdrawal|Irrigation,,1
OilCrop,OilCropTree_PersianGulf,Water Withdrawal,Water Withdrawal|Irrigation,,1
OilCrop,OilCropTree_RedSeaE,Water Withdrawal,Water Withdrawal|Irrigation,,1
OilCrop,OilCrop_ArabianP,Water Withdrawal,Water Withdrawal|Irrigation,,1
OilCrop,OilCrop_ArabianSea,Water Withdrawal,Water Withdrawal|Irrigation,,1
OilCrop,OilCrop_DeadSea,Water Withdrawal,Water Withdrawal|Irrigation,,1
OilCrop,OilCrop_FarahrudR,Water Withdrawal,Water Withdrawal|Irrigation,,1
OilCrop,OilCrop_HamuMashR,Water Withdrawal,Water Withdrawal|Irrigation,,1
OilCrop,OilCrop_Helmand,Water Withdrawal,Water Withdrawal|Irrigation,,1
OilCrop,OilCrop_Iran,Water Withdrawal,Water Withdrawal|Irrigation,,1
OilCrop,OilCrop_PersianGulf,Water Withdrawal,Water Withdrawal|Irrigation,,1
OilCrop,OilCrop_RedSeaE,Water Withdrawal,Water Withdrawal|Irrigation,,1
OilCrop,OilCrop_BarentsSea,Water Withdrawal,Water Withdrawal|Irrigation,,1
OilCrop,OilCrop_DvinaRN,Water Withdrawal,Water Withdrawal|Irrigation,,1
OilCrop,OilCrop_Finland,Water Withdrawal,Water Withdrawal|Irrigation,,1
OilCrop,OilCrop_LenaR,Water Withdrawal,Water Withdrawal|Irrigation,,1
OilCrop,OilCrop_SiberiaW,Water Withdrawal,Water Withdrawal|Irrigation,,1
OilCrop,OilCrop_YeniseiR,Water Withdrawal,Water Withdrawal|Irrigation,,1
OilCrop,OilCrop_AfrCstSSW,Water Withdrawal,Water Withdrawal|Irrigation,,1
OilCrop,OilCrop_OrangeR,Water Withdrawal,Water Withdrawal|Irrigation,,1
OilCrop,OilCrop_SAmerCstNE,Water Withdrawal,Water Withdrawal|Irrigation,,1
OilCrop,OilCropTree_ChileCstN,Water Withdrawal,Water Withdrawal|Irrigation,,1
OilCrop,OilCropTree_ColEcuaCst,Water Withdrawal,Water Withdrawal|Irrigation,,1
OilCrop,OilCropTree_LaPuna,Water Withdrawal,Water Withdrawal|Irrigation,,1
OilCrop,OilCropTree_PeruCst,Water Withdrawal,Water Withdrawal|Irrigation,,1
OilCrop,OilCrop_ChileCstN,Water Withdrawal,Water Withdrawal|Irrigation,,1
OilCrop,OilCrop_LaPuna,Water Withdrawal,Water Withdrawal|Irrigation,,1
OilCrop,OilCrop_PeruCst,Water Withdrawal,Water Withdrawal|Irrigation,,1
OilCrop,OilCrop_BengalBay,Water Withdrawal,Water Withdrawal|Irrigation,,1
OilCrop,OilCrop_SriLanka,Water Withdrawal,Water Withdrawal|Irrigation,,1
OilCrop,OilCrop_ChaoPhrR,Water Withdrawal,Water Withdrawal|Irrigation,,1
OilCrop,OilCrop_MalaysiaP,Water Withdrawal,Water Withdrawal|Irrigation,,1
OilCrop,OilCrop_SittaungR,Water Withdrawal,Water Withdrawal|Irrigation,,1
OilCrop,OilCrop_ThaiGulf,Water Withdrawal,Water Withdrawal|Irrigation,,1
OilCrop,OilCrop_VietnamCst,Water Withdrawal,Water Withdrawal|Irrigation,,1
OilCrop,OilCropTree_Caribbean,Water Withdrawal,Water Withdrawal|Irrigation,,1
OilCrop,OilCrop_ArkWhtRedR,Water Withdrawal,Water Withdrawal|Irrigation,,1
OilCrop,OilCrop_GreatBasin,Water Withdrawal,Water Withdrawal|Irrigation,,1
OilCrop,OilCrop_MissppRN,Water Withdrawal,Water Withdrawal|Irrigation,,1
OilCrop,OilCrop_OhioR,Water Withdrawal,Water Withdrawal|Irrigation,,1
OilCrop,OilCrop_TexasCst,Water Withdrawal,Water Withdrawal|Irrigation,,1
OilCrop,OilCrop_UsaColoRN,Water Withdrawal,Water Withdrawal|Irrigation,,1
OilCrop,OilCrop_UsaCstE,Water Withdrawal,Water Withdrawal|Irrigation,,1
OilPalm,OilPalmTree_AfrCstW,Water Withdrawal,Water Withdrawal|Irrigation,,1
OilPalm,OilPalmTree_GuineaGulf,Water Withdrawal,Water Withdrawal|Irrigation,,1
OilPalm,OilPalmTree_NigerR,Water Withdrawal,Water Withdrawal|Irrigation,,1
OilPalm,OilPalmTree_SenegalR,Water Withdrawal,Water Withdrawal|Irrigation,,1
other industry,other industry,Water Withdrawal,NoReported,,1
OtherGrain,OtherGrainC4_AfrCstNE,Water Withdrawal,Water Withdrawal|Irrigation,,1
OtherGrain,OtherGrainC4_LChad,Water Withdrawal,Water Withdrawal|Irrigation,,1
OtherGrain,OtherGrainC4_NileR,Water Withdrawal,Water Withdrawal|Irrigation,,1
OtherGrain,OtherGrainC4_RiftValley,Water Withdrawal,Water Withdrawal|Irrigation,,1
OtherGrain,OtherGrainC4_ShebJubR,Water Withdrawal,Water Withdrawal|Irrigation,,1
OtherGrain,OtherGrain_AfrCstE,Water Withdrawal,Water Withdrawal|Irrigation,,1
OtherGrain,OtherGrain_AfrCstNE,Water Withdrawal,Water Withdrawal|Irrigation,,1
OtherGrain,OtherGrain_NileR,Water Withdrawal,Water Withdrawal|Irrigation,,1
OtherGrain,OtherGrain_RiftValley,Water Withdrawal,Water Withdrawal|Irrigation,,1
OtherGrain,OtherGrain_ShebJubR,Water Withdrawal,Water Withdrawal|Irrigation,,1
OtherGrain,OtherGrainC4_AfrCstNW,Water Withdrawal,Water Withdrawal|Irrigation,,1
OtherGrain,OtherGrainC4_AfrIntN,Water Withdrawal,Water Withdrawal|Irrigation,,1
OtherGrain,OtherGrainC4_MeditS,Water Withdrawal,Water Withdrawal|Irrigation,,1
OtherGrain,OtherGrain_AfrCstNW,Water Withdrawal,Water Withdrawal|Irrigation,,1
OtherGrain,OtherGrain_AfrIntN,Water Withdrawal,Water Withdrawal|Irrigation,,1
OtherGrain,OtherGrain_MeditE,Water Withdrawal,Water Withdrawal|Irrigation,,1
OtherGrain,OtherGrain_MeditS,Water Withdrawal,Water Withdrawal|Irrigation,,1
OtherGrain,OtherGrain_SinaiP,Water Withdrawal,Water Withdrawal|Irrigation,,1
OtherGrain,OtherGrainC4_AfrCstSE,Water Withdrawal,Water Withdrawal|Irrigation,,1
OtherGrain,OtherGrainC4_LimpopoR,Water Withdrawal,Water Withdrawal|Irrigation,,1
OtherGrain,OtherGrainC4_ZambeziR,Water Withdrawal,Water Withdrawal|Irrigation,,1
OtherGrain,OtherGrain_AfrCstSE,Water Withdrawal,Water Withdrawal|Irrigation,,1
OtherGrain,OtherGrain_AfrIntS,Water Withdrawal,Water Withdrawal|Irrigation,,1
OtherGrain,OtherGrain_CongoR,Water Withdrawal,Water Withdrawal|Irrigation,,1
OtherGrain,OtherGrain_LimpopoR,Water Withdrawal,Water Withdrawal|Irrigation,,1
OtherGrain,OtherGrain_OrangeR,Water Withdrawal,Water Withdrawal|Irrigation,,1
OtherGrain,OtherGrain_ZambeziR,Water Withdrawal,Water Withdrawal|Irrigation,,1
OtherGrain,OtherGrainC4_NigerR,Water Withdrawal,Water Withdrawal|Irrigation,,1
OtherGrain,OtherGrainC4_SenegalR,Water Withdrawal,Water Withdrawal|Irrigation,,1
OtherGrain,OtherGrain_AfrCstW,Water Withdrawal,Water Withdrawal|Irrigation,,1
OtherGrain,OtherGrain_LChad,Water Withdrawal,Water Withdrawal|Irrigation,,1
OtherGrain,OtherGrain_NigerR,Water Withdrawal,Water Withdrawal|Irrigation,,1
OtherGrain,OtherGrain_SenegalR,Water Withdrawal,Water Withdrawal|Irrigation,,1
OtherGrain,OtherGrain_VoltaR,Water Withdrawal,Water Withdrawal|Irrigation,,1
OtherGrain,OtherGrainC4_ArgCstN,Water Withdrawal,Water Withdrawal|Irrigation,,1
OtherGrain,OtherGrainC4_MarChiq,Water Withdrawal,Water Withdrawal|Irrigation,,1
OtherGrain,OtherGrainC4_Pampas,Water Withdrawal,Water Withdrawal|Irrigation,,1
OtherGrain,OtherGrainC4_RioLaPlata,Water Withdrawal,Water Withdrawal|Irrigation,,1
OtherGrain,OtherGrainC4_Salinas,Water Withdrawal,Water Withdrawal|Irrigation,,1
OtherGrain,OtherGrain_ArgColoR,Water Withdrawal,Water Withdrawal|Irrigation,,1
OtherGrain,OtherGrain_ArgCstN,Water Withdrawal,Water Withdrawal|Irrigation,,1
OtherGrain,OtherGrain_ArgCstS,Water Withdrawal,Water Withdrawal|Irrigation,,1
OtherGrain,OtherGrain_ChileCstS,Water Withdrawal,Water Withdrawal|Irrigation,,1
OtherGrain,OtherGrain_LaPuna,Water Withdrawal,Water Withdrawal|Irrigation,,1
OtherGrain,OtherGrain_MarChiq,Water Withdrawal,Water Withdrawal|Irrigation,,1
OtherGrain,OtherGrain_NegroR,Water Withdrawal,Water Withdrawal|Irrigation,,1
OtherGrain,OtherGrain_Pampas,Water Withdrawal,Water Withdrawal|Irrigation,,1
OtherGrain,OtherGrain_Patagonia,Water Withdrawal,Water Withdrawal|Irrigation,,1
OtherGrain,OtherGrain_RioLaPlata,Water Withdrawal,Water Withdrawal|Irrigation,,1
OtherGrain,OtherGrain_Salinas,Water Withdrawal,Water Withdrawal|Irrigation,,1
OtherGrain,OtherGrainC4_AusCstE,Water Withdrawal,Water Withdrawal|Irrigation,,1
OtherGrain,OtherGrainC4_MurrayDrlg,Water Withdrawal,Water Withdrawal|Irrigation,,1
OtherGrain,OtherGrain_AusCstE,Water Withdrawal,Water Withdrawal|Irrigation,,1
OtherGrain,OtherGrain_AusCstS,Water Withdrawal,Water Withdrawal|Irrigation,,1
OtherGrain,OtherGrain_AusCstW,Water Withdrawal,Water Withdrawal|Irrigation,,1
OtherGrain,OtherGrain_MurrayDrlg,Water Withdrawal,Water Withdrawal|Irrigation,,1
OtherGrain,OtherGrain_NewZealand,Water Withdrawal,Water Withdrawal|Irrigation,,1
OtherGrain,OtherGrain_Tasmania,Water Withdrawal,Water Withdrawal|Irrigation,,1
OtherGrain,OtherGrainC4_SaoFrancR,Water Withdrawal,Water Withdrawal|Irrigation,,1
OtherGrain,OtherGrain_AmazonR,Water Withdrawal,Water Withdrawal|Irrigation,,1
OtherGrain,OtherGrain_BrzCstE,Water Withdrawal,Water Withdrawal|Irrigation,,1
OtherGrain,OtherGrain_BrzCstN,Water Withdrawal,Water Withdrawal|Irrigation,,1
OtherGrain,OtherGrain_BrzCstS,Water Withdrawal,Water Withdrawal|Irrigation,,1
OtherGrain,OtherGrain_ParnaibaR,Water Withdrawal,Water Withdrawal|Irrigation,,1
OtherGrain,OtherGrain_SaoFrancR,Water Withdrawal,Water Withdrawal|Irrigation,,1
OtherGrain,OtherGrain_TocantinsR,Water Withdrawal,Water Withdrawal|Irrigation,,1
OtherGrain,OtherGrain_CanAtl,Water Withdrawal,Water Withdrawal|Irrigation,,1
OtherGrain,OtherGrain_FraserR,Water Withdrawal,Water Withdrawal|Irrigation,,1
OtherGrain,OtherGrain_GreatLakes,Water Withdrawal,Water Withdrawal|Irrigation,,1
OtherGrain,OtherGrain_Mackenzie,Water Withdrawal,Water Withdrawal|Irrigation,,1
OtherGrain,OtherGrain_MissouriR,Water Withdrawal,Water Withdrawal|Irrigation,,1
OtherGrain,OtherGrain_NWTerr,Water Withdrawal,Water Withdrawal|Irrigation,,1
OtherGrain,OtherGrain_NelsonR,Water Withdrawal,Water Withdrawal|Irrigation,,1
OtherGrain,OtherGrain_PacArctic,Water Withdrawal,Water Withdrawal|Irrigation,,1
OtherGrain,OtherGrain_StLwrncR,Water Withdrawal,Water Withdrawal|Irrigation,,1
OtherGrain,OtherGrain_UsaCstNE,Water Withdrawal,Water Withdrawal|Irrigation,,1
OtherGrain,OtherGrain_UsaPacNW,Water Withdrawal,Water Withdrawal|Irrigation,,1
OtherGrain,OtherGrainC4_AmuDaryaR,Water Withdrawal,Water Withdrawal|Irrigation,,1
OtherGrain,OtherGrainC4_CaspianE,Water Withdrawal,Water Withdrawal|Irrigation,,1
OtherGrain,OtherGrainC4_CaspianNE,Water Withdrawal,Water Withdrawal|Irrigation,,1
OtherGrain,OtherGrainC4_LBalkash,Water Withdrawal,Water Withdrawal|Irrigation,,1
OtherGrain,OtherGrainC4_ObR,Water Withdrawal,Water Withdrawal|Irrigation,,1
OtherGrain,OtherGrainC4_SyrDaryaR,Water Withdrawal,Water Withdrawal|Irrigation,,1
OtherGrain,OtherGrainC4_UralR,Water Withdrawal,Water Withdrawal|Irrigation,,1
OtherGrain,OtherGrainC4_VolgaR,Water Withdrawal,Water Withdrawal|Irrigation,,1
OtherGrain,OtherGrain_AmuDaryaR,Water Withdrawal,Water Withdrawal|Irrigation,,1
OtherGrain,OtherGrain_AmurR,Water Withdrawal,Water Withdrawal|Irrigation,,1
OtherGrain,OtherGrain_BlackSeaS,Water Withdrawal,Water Withdrawal|Irrigation,,1
OtherGrain,OtherGrain_CaspianE,Water Withdrawal,Water Withdrawal|Irrigation,,1
OtherGrain,OtherGrain_CaspianNE,Water Withdrawal,Water Withdrawal|Irrigation,,1
OtherGrain,OtherGrain_CaspianSW,Water Withdrawal,Water Withdrawal|Irrigation,,1
OtherGrain,OtherGrain_Gobi,Water Withdrawal,Water Withdrawal|Irrigation,,1
OtherGrain,OtherGrain_LBalkash,Water Withdrawal,Water Withdrawal|Irrigation,,1
OtherGrain,OtherGrain_ObR,Water Withdrawal,Water Withdrawal|Irrigation,,1
OtherGrain,OtherGrain_SyrDaryaR,Water Withdrawal,Water Withdrawal|Irrigation,,1
OtherGrain,OtherGrain_UralR,Water Withdrawal,Water Withdrawal|Irrigation,,1
OtherGrain,OtherGrain_VolgaR,Water Withdrawal,Water Withdrawal|Irrigation,,1
OtherGrain,OtherGrain_YeniseiR,Water Withdrawal,Water Withdrawal|Irrigation,,1
OtherGrain,OtherGrainC4_AmurR,Water Withdrawal,Water Withdrawal|Irrigation,,1
OtherGrain,OtherGrainC4_BoHai,Water Withdrawal,Water Withdrawal|Irrigation,,1
OtherGrain,OtherGrainC4_ChinaCst,Water Withdrawal,Water Withdrawal|Irrigation,,1
OtherGrain,OtherGrainC4_Gobi,Water Withdrawal,Water Withdrawal|Irrigation,,1
OtherGrain,OtherGrainC4_HuangHeR,Water Withdrawal,Water Withdrawal|Irrigation,,1
OtherGrain,OtherGrainC4_Tarim,Water Withdrawal,Water Withdrawal|Irrigation,,1
OtherGrain,OtherGrainC4_XunJiang,Water Withdrawal,Water Withdrawal|Irrigation,,1
OtherGrain,OtherGrainC4_Yangtze,Water Withdrawal,Water Withdrawal|Irrigation,,1
OtherGrain,OtherGrainC4_ZiyaHe,Water Withdrawal,Water Withdrawal|Irrigation,,1
OtherGrain,OtherGrain_BoHai,Water Withdrawal,Water Withdrawal|Irrigation,,1
OtherGrain,OtherGrain_ChinaCst,Water Withdrawal,Water Withdrawal|Irrigation,,1
OtherGrain,OtherGrain_GangesR,Water Withdrawal,Water Withdrawal|Irrigation,,1
OtherGrain,OtherGrain_Hainan,Water Withdrawal,Water Withdrawal|Irrigation,,1
OtherGrain,OtherGrain_Hong,Water Withdrawal,Water Withdrawal|Irrigation,,1
OtherGrain,OtherGrain_HuangHeR,Water Withdrawal,Water Withdrawal|Irrigation,,1
OtherGrain,OtherGrain_IndusR,Water Withdrawal,Water Withdrawal|Irrigation,,1
OtherGrain,OtherGrain_IrrawaddyR,Water Withdrawal,Water Withdrawal|Irrigation,,1
OtherGrain,OtherGrain_Mekong,Water Withdrawal,Water Withdrawal|Irrigation,,1
OtherGrain,OtherGrain_RusCstSE,Water Withdrawal,Water Withdrawal|Irrigation,,1
OtherGrain,OtherGrain_SChinaSea,Water Withdrawal,Water Withdrawal|Irrigation,,1
OtherGrain,OtherGrain_Salween,Water Withdrawal,Water Withdrawal|Irrigation,,1
OtherGrain,OtherGrain_Tarim,Water Withdrawal,Water Withdrawal|Irrigation,,1
OtherGrain,OtherGrain_XunJiang,Water Withdrawal,Water Withdrawal|Irrigation,,1
OtherGrain,OtherGrain_Yangtze,Water Withdrawal,Water Withdrawal|Irrigation,,1
OtherGrain,OtherGrain_ZiyaHe,Water Withdrawal,Water Withdrawal|Irrigation,,1
OtherGrain,OtherGrain_ColEcuaCst,Water Withdrawal,Water Withdrawal|Irrigation,,1
OtherGrain,OtherGrain_MagdalenaR,Water Withdrawal,Water Withdrawal|Irrigation,,1
OtherGrain,OtherGrain_OrinocoR,Water Withdrawal,Water Withdrawal|Irrigation,,1
OtherGrain,OtherGrain_SAmerCstN,Water Withdrawal,Water Withdrawal|Irrigation,,1
OtherGrain,OtherGrain_AdrBlkSea,Water Withdrawal,Water Withdrawal|Irrigation,,1
OtherGrain,OtherGrain_BalticSea,Water Withdrawal,Water Withdrawal|Irrigation,,1
OtherGrain,OtherGrain_DanubeR,Water Withdrawal,Water Withdrawal|Irrigation,,1
OtherGrain,OtherGrain_DaugavaR,Water Withdrawal,Water Withdrawal|Irrigation,,1
OtherGrain,OtherGrain_DnkGrmCst,Water Withdrawal,Water Withdrawal|Irrigation,,1
OtherGrain,OtherGrain_ElbeR,Water Withdrawal,Water Withdrawal|Irrigation,,1
OtherGrain,OtherGrain_NarvaR,Water Withdrawal,Water Withdrawal|Irrigation,,1
OtherGrain,OtherGrain_NemanR,Water Withdrawal,Water Withdrawal|Irrigation,,1
OtherGrain,OtherGrain_OderR,Water Withdrawal,Water Withdrawal|Irrigation,,1
OtherGrain,OtherGrain_PolandCst,Water Withdrawal,Water Withdrawal|Irrigation,,1
OtherGrain,OtherGrain_WislaR,Water Withdrawal,Water Withdrawal|Irrigation,,1
OtherGrain,OtherGrainC4_FranceCstS,Water Withdrawal,Water Withdrawal|Irrigation,,1
OtherGrain,OtherGrainC4_FranceCstW,Water Withdrawal,Water Withdrawal|Irrigation,,1
OtherGrain,OtherGrainC4_Gironde,Water Withdrawal,Water Withdrawal|Irrigation,,1
OtherGrain,OtherGrainC4_LoireR,Water Withdrawal,Water Withdrawal|Irrigation,,1
OtherGrain,OtherGrainC4_MeditIsl,Water Withdrawal,Water Withdrawal|Irrigation,,1
OtherGrain,OtherGrainC4_RhineR,Water Withdrawal,Water Withdrawal|Irrigation,,1
OtherGrain,OtherGrainC4_RhoneR,Water Withdrawal,Water Withdrawal|Irrigation,,1
OtherGrain,OtherGrainC4_ScheldtR,Water Withdrawal,Water Withdrawal|Irrigation,,1
OtherGrain,OtherGrainC4_SeineR,Water Withdrawal,Water Withdrawal|Irrigation,,1
OtherGrain,OtherGrain_DouroR,Water Withdrawal,Water Withdrawal|Irrigation,,1
OtherGrain,OtherGrain_EbroR,Water Withdrawal,Water Withdrawal|Irrigation,,1
OtherGrain,OtherGrain_EmsWeserR,Water Withdrawal,Water Withdrawal|Irrigation,,1
OtherGrain,OtherGrain_EngWales,Water Withdrawal,Water Withdrawal|Irrigation,,1
OtherGrain,OtherGrain_Finland,Water Withdrawal,Water Withdrawal|Irrigation,,1
OtherGrain,OtherGrain_FranceCstS,Water Withdrawal,Water Withdrawal|Irrigation,,1
OtherGrain,OtherGrain_FranceCstW,Water Withdrawal,Water Withdrawal|Irrigation,,1
OtherGrain,OtherGrain_Gironde,Water Withdrawal,Water Withdrawal|Irrigation,,1
OtherGrain,OtherGrain_GuadalqR,Water Withdrawal,Water Withdrawal|Irrigation,,1
OtherGrain,OtherGrain_GuadianaR,Water Withdrawal,Water Withdrawal|Irrigation,,1
OtherGrain,OtherGrain_IberiaCst,Water Withdrawal,Water Withdrawal|Irrigation,,1
OtherGrain,OtherGrain_Ireland,Water Withdrawal,Water Withdrawal|Irrigation,,1
OtherGrain,OtherGrain_ItalyCstE,Water Withdrawal,Water Withdrawal|Irrigation,,1
OtherGrain,OtherGrain_ItalyCstW,Water Withdrawal,Water Withdrawal|Irrigation,,1
OtherGrain,OtherGrain_LoireR,Water Withdrawal,Water Withdrawal|Irrigation,,1
OtherGrain,OtherGrain_MeditIsl,Water Withdrawal,Water Withdrawal|Irrigation,,1
OtherGrain,OtherGrain_NevaR,Water Withdrawal,Water Withdrawal|Irrigation,,1
OtherGrain,OtherGrain_PoR,Water Withdrawal,Water Withdrawal|Irrigation,,1
OtherGrain,OtherGrain_RhineR,Water Withdrawal,Water Withdrawal|Irrigation,,1
OtherGrain,OtherGrain_RhoneR,Water Withdrawal,Water Withdrawal|Irrigation,,1
OtherGrain,OtherGrain_ScheldtR,Water Withdrawal,Water Withdrawal|Irrigation,,1
OtherGrain,OtherGrain_Scotland,Water Withdrawal,Water Withdrawal|Irrigation,,1
OtherGrain,OtherGrain_SeineR,Water Withdrawal,Water Withdrawal|Irrigation,,1
OtherGrain,OtherGrain_SpainCstSE,Water Withdrawal,Water Withdrawal|Irrigation,,1
OtherGrain,OtherGrain_Sweden,Water Withdrawal,Water Withdrawal|Irrigation,,1
OtherGrain,OtherGrain_TagusR,Water Withdrawal,Water Withdrawal|Irrigation,,1
OtherGrain,OtherGrain_TiberR,Water Withdrawal,Water Withdrawal|Irrigation,,1
OtherGrain,OtherGrain_BlackSeaN,Water Withdrawal,Water Withdrawal|Irrigation,,1
OtherGrain,OtherGrain_DnieperR,Water Withdrawal,Water Withdrawal|Irrigation,,1
OtherGrain,OtherGrain_DniesterR,Water Withdrawal,Water Withdrawal|Irrigation,,1
OtherGrain,OtherGrain_DonR,Water Withdrawal,Water Withdrawal|Irrigation,,1
OtherGrain,OtherGrain_EJrdnSyr,Water Withdrawal,Water Withdrawal|Irrigation,,1
OtherGrain,OtherGrain_TigrEuphR,Water Withdrawal,Water Withdrawal|Irrigation,,1
OtherGrain,OtherGrain_ScndnvN,Water Withdrawal,Water Withdrawal|Irrigation,,1
OtherGrain,OtherGrainC4_BengalW,Water Withdrawal,Water Withdrawal|Irrigation,,1
OtherGrain,OtherGrainC4_BrahmaniR,Water Withdrawal,Water Withdrawal|Irrigation,,1
OtherGrain,OtherGrainC4_CauveryR,Water Withdrawal,Water Withdrawal|Irrigation,,1
OtherGrain,OtherGrainC4_GangesR,Water Withdrawal,Water Withdrawal|Irrigation,,1
OtherGrain,OtherGrainC4_GodavariR,Water Withdrawal,Water Withdrawal|Irrigation,,1
OtherGrain,OtherGrainC4_IndCstE,Water Withdrawal,Water Withdrawal|Irrigation,,1
OtherGrain,OtherGrainC4_IndCstNE,Water Withdrawal,Water Withdrawal|Irrigation,,1
OtherGrain,OtherGrainC4_IndCstS,Water Withdrawal,Water Withdrawal|Irrigation,,1
OtherGrain,OtherGrainC4_IndCstW,Water Withdrawal,Water Withdrawal|Irrigation,,1
OtherGrain,OtherGrainC4_IndusR,Water Withdrawal,Water Withdrawal|Irrigation,,1
OtherGrain,OtherGrainC4_KrishnaR,Water Withdrawal,Water Withdrawal|Irrigation,,1
OtherGrain,OtherGrainC4_MahanadiR,Water Withdrawal,Water Withdrawal|Irrigation,,1
OtherGrain,OtherGrainC4_MahiR,Water Withdrawal,Water Withdrawal|Irrigation,,1
OtherGrain,OtherGrainC4_NarmadaR,Water Withdrawal,Water Withdrawal|Irrigation,,1
OtherGrain,OtherGrainC4_PennarR,Water Withdrawal,Water Withdrawal|Irrigation,,1
OtherGrain,OtherGrainC4_SabarmatiR,Water Withdrawal,Water Withdrawal|Irrigation,,1
OtherGrain,OtherGrainC4_TaptiR,Water Withdrawal,Water Withdrawal|Irrigation,,1
OtherGrain,OtherGrain_BengalW,Water Withdrawal,Water Withdrawal|Irrigation,,1
OtherGrain,OtherGrain_BrahmaniR,Water Withdrawal,Water Withdrawal|Irrigation,,1
OtherGrain,OtherGrain_MahanadiR,Water Withdrawal,Water Withdrawal|Irrigation,,1
OtherGrain,OtherGrain_MahiR,Water Withdrawal,Water Withdrawal|Irrigation,,1
OtherGrain,OtherGrain_NarmadaR,Water Withdrawal,Water Withdrawal|Irrigation,,1
OtherGrain,OtherGrain_SabarmatiR,Water Withdrawal,Water Withdrawal|Irrigation,,1
OtherGrain,OtherGrain_TaptiR,Water Withdrawal,Water Withdrawal|Irrigation,,1
OtherGrain,OtherGrain_Japan,Water Withdrawal,Water Withdrawal|Irrigation,,1
OtherGrain,OtherGrainC4_California,Water Withdrawal,Water Withdrawal|Irrigation,,1
OtherGrain,OtherGrainC4_GrijUsuR,Water Withdrawal,Water Withdrawal|Irrigation,,1
OtherGrain,OtherGrainC4_MexBaja,Water Withdrawal,Water Withdrawal|Irrigation,,1
OtherGrain,OtherGrainC4_MexCstNW,Water Withdrawal,Water Withdrawal|Irrigation,,1
OtherGrain,OtherGrainC4_MexCstW,Water Withdrawal,Water Withdrawal|Irrigation,,1
OtherGrain,OtherGrainC4_MexGulf,Water Withdrawal,Water Withdrawal|Irrigation,,1
OtherGrain,OtherGrainC4_MexInt,Water Withdrawal,Water Withdrawal|Irrigation,,1
OtherGrain,OtherGrainC4_Papaloapan,Water Withdrawal,Water Withdrawal|Irrigation,,1
OtherGrain,OtherGrainC4_RioBalsas,Water Withdrawal,Water Withdrawal|Irrigation,,1
OtherGrain,OtherGrainC4_RioGrande,Water Withdrawal,Water Withdrawal|Irrigation,,1
OtherGrain,OtherGrainC4_RioLerma,Water Withdrawal,Water Withdrawal|Irrigation,,1
OtherGrain,OtherGrainC4_RioVerde,Water Withdrawal,Water Withdrawal|Irrigation,,1
OtherGrain,OtherGrainC4_Tehuantpc,Water Withdrawal,Water Withdrawal|Irrigation,,1
OtherGrain,OtherGrainC4_UsaColoRS,Water Withdrawal,Water Withdrawal|Irrigation,,1
OtherGrain,OtherGrainC4_YucatanP,Water Withdrawal,Water Withdrawal|Irrigation,,1
OtherGrain,OtherGrain_California,Water Withdrawal,Water Withdrawal|Irrigation,,1
OtherGrain,OtherGrain_MexBaja,Water Withdrawal,Water Withdrawal|Irrigation,,1
OtherGrain,OtherGrain_MexCstNW,Water Withdrawal,Water Withdrawal|Irrigation,,1
OtherGrain,OtherGrain_MexCstW,Water Withdrawal,Water Withdrawal|Irrigation,,1
OtherGrain,OtherGrain_MexGulf,Water Withdrawal,Water Withdrawal|Irrigation,,1
OtherGrain,OtherGrain_MexInt,Water Withdrawal,Water Withdrawal|Irrigation,,1
OtherGrain,OtherGrain_Papaloapan,Water Withdrawal,Water Withdrawal|Irrigation,,1
OtherGrain,OtherGrain_RioBalsas,Water Withdrawal,Water Withdrawal|Irrigation,,1
OtherGrain,OtherGrain_RioGrande,Water Withdrawal,Water Withdrawal|Irrigation,,1
OtherGrain,OtherGrain_RioLerma,Water Withdrawal,Water Withdrawal|Irrigation,,1
OtherGrain,OtherGrain_RioVerde,Water Withdrawal,Water Withdrawal|Irrigation,,1
OtherGrain,OtherGrain_UsaColoRS,Water Withdrawal,Water Withdrawal|Irrigation,,1
OtherGrain,OtherGrainC4_ArabianP,Water Withdrawal,Water Withdrawal|Irrigation,,1
OtherGrain,OtherGrainC4_EJrdnSyr,Water Withdrawal,Water Withdrawal|Irrigation,,1
OtherGrain,OtherGrainC4_RedSeaE,Water Withdrawal,Water Withdrawal|Irrigation,,1
OtherGrain,OtherGrain_ArabianP,Water Withdrawal,Water Withdrawal|Irrigation,,1
OtherGrain,OtherGrain_DeadSea,Water Withdrawal,Water Withdrawal|Irrigation,,1
OtherGrain,OtherGrain_FarahrudR,Water Withdrawal,Water Withdrawal|Irrigation,,1
OtherGrain,OtherGrain_Helmand,Water Withdrawal,Water Withdrawal|Irrigation,,1
OtherGrain,OtherGrain_Iran,Water Withdrawal,Water Withdrawal|Irrigation,,1
OtherGrain,OtherGrain_PersianGulf,Water Withdrawal,Water Withdrawal|Irrigation,,1
OtherGrain,OtherGrain_RedSeaE,Water Withdrawal,Water Withdrawal|Irrigation,,1
OtherGrain,OtherGrainC4_ArabianSea,Water Withdrawal,Water Withdrawal|Irrigation,,1
OtherGrain,OtherGrainC4_HamuMashR,Water Withdrawal,Water Withdrawal|Irrigation,,1
OtherGrain,OtherGrain_ArabianSea,Water Withdrawal,Water Withdrawal|Irrigation,,1
OtherGrain,OtherGrain_HamuMashR,Water Withdrawal,Water Withdrawal|Irrigation,,1
OtherGrain,OtherGrainC4_BlackSeaN,Water Withdrawal,Water Withdrawal|Irrigation,,1
OtherGrain,OtherGrainC4_DnieperR,Water Withdrawal,Water Withdrawal|Irrigation,,1
OtherGrain,OtherGrainC4_DonR,Water Withdrawal,Water Withdrawal|Irrigation,,1
OtherGrain,OtherGrain_BarentsSea,Water Withdrawal,Water Withdrawal|Irrigation,,1
OtherGrain,OtherGrain_DvinaRN,Water Withdrawal,Water Withdrawal|Irrigation,,1
OtherGrain,OtherGrain_LenaR,Water Withdrawal,Water Withdrawal|Irrigation,,1
OtherGrain,OtherGrain_SiberiaW,Water Withdrawal,Water Withdrawal|Irrigation,,1
OtherGrain,OtherGrainC4_AfrCstS,Water Withdrawal,Water Withdrawal|Irrigation,,1
OtherGrain,OtherGrainC4_AfrCstSSW,Water Withdrawal,Water Withdrawal|Irrigation,,1
OtherGrain,OtherGrainC4_OrangeR,Water Withdrawal,Water Withdrawal|Irrigation,,1
OtherGrain,OtherGrain_AfrCstS,Water Withdrawal,Water Withdrawal|Irrigation,,1
OtherGrain,OtherGrain_AfrCstSSW,Water Withdrawal,Water Withdrawal|Irrigation,,1
OtherGrain,OtherGrainC4_OrinocoR,Water Withdrawal,Water Withdrawal|Irrigation,,1
OtherGrain,OtherGrainC4_SAmerCstN,Water Withdrawal,Water Withdrawal|Irrigation,,1
OtherGrain,OtherGrain_ChileCstN,Water Withdrawal,Water Withdrawal|Irrigation,,1
OtherGrain,OtherGrain_PeruCst,Water Withdrawal,Water Withdrawal|Irrigation,,1
OtherGrain,OtherGrain_Korea,Water Withdrawal,Water Withdrawal|Irrigation,,1
OtherGrain,OtherGrain_BengalBay,Water Withdrawal,Water Withdrawal|Irrigation,,1
OtherGrain,OtherGrain_ChaoPhrR,Water Withdrawal,Water Withdrawal|Irrigation,,1
OtherGrain,OtherGrain_MalaysiaP,Water Withdrawal,Water Withdrawal|Irrigation,,1
OtherGrain,OtherGrain_SittaungR,Water Withdrawal,Water Withdrawal|Irrigation,,1
OtherGrain,OtherGrain_ThaiGulf,Water Withdrawal,Water Withdrawal|Irrigation,,1
OtherGrain,OtherGrainC4_ArkWhtRedR,Water Withdrawal,Water Withdrawal|Irrigation,,1
OtherGrain,OtherGrainC4_MissouriR,Water Withdrawal,Water Withdrawal|Irrigation,,1
OtherGrain,OtherGrainC4_MissppRN,Water Withdrawal,Water Withdrawal|Irrigation,,1
OtherGrain,OtherGrainC4_MissppRS,Water Withdrawal,Water Withdrawal|Irrigation,,1
OtherGrain,OtherGrainC4_OhioR,Water Withdrawal,Water Withdrawal|Irrigation,,1
OtherGrain,OtherGrainC4_TennR,Water Withdrawal,Water Withdrawal|Irrigation,,1
OtherGrain,OtherGrainC4_TexasCst,Water Withdrawal,Water Withdrawal|Irrigation,,1
OtherGrain,OtherGrainC4_UsaCstE,Water Withdrawal,Water Withdrawal|Irrigation,,1
OtherGrain,OtherGrainC4_UsaCstSE,Water Withdrawal,Water Withdrawal|Irrigation,,1
OtherGrain,OtherGrain_ArkWhtRedR,Water Withdrawal,Water Withdrawal|Irrigation,,1
OtherGrain,OtherGrain_GreatBasin,Water Withdrawal,Water Withdrawal|Irrigation,,1
OtherGrain,OtherGrain_MissppRN,Water Withdrawal,Water Withdrawal|Irrigation,,1
OtherGrain,OtherGrain_MissppRS,Water Withdrawal,Water Withdrawal|Irrigation,,1
OtherGrain,OtherGrain_OhioR,Water Withdrawal,Water Withdrawal|Irrigation,,1
OtherGrain,OtherGrain_TennR,Water Withdrawal,Water Withdrawal|Irrigation,,1
OtherGrain,OtherGrain_TexasCst,Water Withdrawal,Water Withdrawal|Irrigation,,1
OtherGrain,OtherGrain_UsaColoRN,Water Withdrawal,Water Withdrawal|Irrigation,,1
OtherGrain,OtherGrain_UsaCstE,Water Withdrawal,Water Withdrawal|Irrigation,,1
OtherGrain,OtherGrain_UsaCstSE,Water Withdrawal,Water Withdrawal|Irrigation,,1
paper,paper,Water Withdrawal,NoReported,,1
Pork,Mixed,Water Withdrawal,Water Withdrawal|Livestock,,1
Poultry,Mixed,Water Withdrawal,Water Withdrawal|Livestock,,1
regional coal,domestic coal,Water Withdrawal,NoReported,,1
regional coal,imported coal,Water Withdrawal,NoReported,,1
regional oil,domestic crude oil,Water Withdrawal,NoReported,,1
regional oil,imported crude oil,Water Withdrawal,NoReported,,1
Rice,Rice_AfrCstE,Water Withdrawal,Water Withdrawal|Irrigation,,1
Rice,Rice_AfrCstNE,Water Withdrawal,Water Withdrawal|Irrigation,,1
Rice,Rice_CongoR,Water Withdrawal,Water Withdrawal|Irrigation,,1
Rice,Rice_LChad,Water Withdrawal,Water Withdrawal|Irrigation,,1
Rice,Rice_Madagascar,Water Withdrawal,Water Withdrawal|Irrigation,,1
Rice,Rice_NileR,Water Withdrawal,Water Withdrawal|Irrigation,,1
Rice,Rice_RiftValley,Water Withdrawal,Water Withdrawal|Irrigation,,1
Rice,Rice_ShebJubR,Water Withdrawal,Water Withdrawal|Irrigation,,1
Rice,Rice_AfrCstNW,Water Withdrawal,Water Withdrawal|Irrigation,,1
Rice,Rice_AfrIntN,Water Withdrawal,Water Withdrawal|Irrigation,,1
Rice,Rice_MeditE,Water Withdrawal,Water Withdrawal|Irrigation,,1
Rice,Rice_MeditS,Water Withdrawal,Water Withdrawal|Irrigation,,1
Rice,Rice_SinaiP,Water Withdrawal,Water Withdrawal|Irrigation,,1
Rice,Rice_AfrCstS,Water Withdrawal,Water Withdrawal|Irrigation,,1
Rice,Rice_AfrCstSE,Water Withdrawal,Water Withdrawal|Irrigation,,1
Rice,Rice_LimpopoR,Water Withdrawal,Water Withdrawal|Irrigation,,1
Rice,Rice_ZambeziR,Water Withdrawal,Water Withdrawal|Irrigation,,1
Rice,Rice_AfrCstW,Water Withdrawal,Water Withdrawal|Irrigation,,1
Rice,Rice_GuineaGulf,Water Withdrawal,Water Withdrawal|Irrigation,,1
Rice,Rice_NigerR,Water Withdrawal,Water Withdrawal|Irrigation,,1
Rice,Rice_SenegalR,Water Withdrawal,Water Withdrawal|Irrigation,,1
Rice,Rice_VoltaR,Water Withdrawal,Water Withdrawal|Irrigation,,1
Rice,Rice_RioLaPlata,Water Withdrawal,Water Withdrawal|Irrigation,,1
Rice,Rice_MurrayDrlg,Water Withdrawal,Water Withdrawal|Irrigation,,1
Rice,Rice_AmazonR,Water Withdrawal,Water Withdrawal|Irrigation,,1
Rice,Rice_BrzCstE,Water Withdrawal,Water Withdrawal|Irrigation,,1
Rice,Rice_BrzCstN,Water Withdrawal,Water Withdrawal|Irrigation,,1
Rice,Rice_BrzCstS,Water Withdrawal,Water Withdrawal|Irrigation,,1
Rice,Rice_ParnaibaR,Water Withdrawal,Water Withdrawal|Irrigation,,1
Rice,Rice_SaoFrancR,Water Withdrawal,Water Withdrawal|Irrigation,,1
Rice,Rice_TocantinsR,Water Withdrawal,Water Withdrawal|Irrigation,,1
Rice,Rice_Caribbean,Water Withdrawal,Water Withdrawal|Irrigation,,1
Rice,Rice_CntAmer,Water Withdrawal,Water Withdrawal|Irrigation,,1
Rice,Rice_ColEcuaCst,Water Withdrawal,Water Withdrawal|Irrigation,,1
Rice,Rice_GrijUsuR,Water Withdrawal,Water Withdrawal|Irrigation,,1
Rice,Rice_SAmerCstN,Water Withdrawal,Water Withdrawal|Irrigation,,1
Rice,Rice_YucatanP,Water Withdrawal,Water Withdrawal|Irrigation,,1
Rice,Rice_AmuDaryaR,Water Withdrawal,Water Withdrawal|Irrigation,,1
Rice,Rice_CaspianE,Water Withdrawal,Water Withdrawal|Irrigation,,1
Rice,Rice_CaspianSW,Water Withdrawal,Water Withdrawal|Irrigation,,1
Rice,Rice_Gobi,Water Withdrawal,Water Withdrawal|Irrigation,,1
Rice,Rice_LBalkash,Water Withdrawal,Water Withdrawal|Irrigation,,1
Rice,Rice_SyrDaryaR,Water Withdrawal,Water Withdrawal|Irrigation,,1
Rice,Rice_AmurR,Water Withdrawal,Water Withdrawal|Irrigation,,1
Rice,Rice_BoHai,Water Withdrawal,Water Withdrawal|Irrigation,,1
Rice,Rice_ChinaCst,Water Withdrawal,Water Withdrawal|Irrigation,,1
Rice,Rice_GangesR,Water Withdrawal,Water Withdrawal|Irrigation,,1
Rice,Rice_Hainan,Water Withdrawal,Water Withdrawal|Irrigation,,1
Rice,Rice_Hong,Water Withdrawal,Water Withdrawal|Irrigation,,1
Rice,Rice_HuangHeR,Water Withdrawal,Water Withdrawal|Irrigation,,1
Rice,Rice_IrrawaddyR,Water Withdrawal,Water Withdrawal|Irrigation,,1
Rice,Rice_Mekong,Water Withdrawal,Water Withdrawal|Irrigation,,1
Rice,Rice_ObR,Water Withdrawal,Water Withdrawal|Irrigation,,1
Rice,Rice_RusCstSE,Water Withdrawal,Water Withdrawal|Irrigation,,1
Rice,Rice_SChinaSea,Water Withdrawal,Water Withdrawal|Irrigation,,1
Rice,Rice_Salween,Water Withdrawal,Water Withdrawal|Irrigation,,1
Rice,Rice_Tarim,Water Withdrawal,Water Withdrawal|Irrigation,,1
Rice,Rice_XunJiang,Water Withdrawal,Water Withdrawal|Irrigation,,1
Rice,Rice_Yangtze,Water Withdrawal,Water Withdrawal|Irrigation,,1
Rice,Rice_ZiyaHe,Water Withdrawal,Water Withdrawal|Irrigation,,1
Rice,Rice_MagdalenaR,Water Withdrawal,Water Withdrawal|Irrigation,,1
Rice,Rice_OrinocoR,Water Withdrawal,Water Withdrawal|Irrigation,,1
Rice,Rice_AdrBlkSea,Water Withdrawal,Water Withdrawal|Irrigation,,1
Rice,Rice_DanubeR,Water Withdrawal,Water Withdrawal|Irrigation,,1
Rice,Rice_DouroR,Water Withdrawal,Water Withdrawal|Irrigation,,1
Rice,Rice_EbroR,Water Withdrawal,Water Withdrawal|Irrigation,,1
Rice,Rice_FranceCstS,Water Withdrawal,Water Withdrawal|Irrigation,,1
Rice,Rice_Gironde,Water Withdrawal,Water Withdrawal|Irrigation,,1
Rice,Rice_GuadalqR,Water Withdrawal,Water Withdrawal|Irrigation,,1
Rice,Rice_GuadianaR,Water Withdrawal,Water Withdrawal|Irrigation,,1
Rice,Rice_IberiaCst,Water Withdrawal,Water Withdrawal|Irrigation,,1
Rice,Rice_ItalyCstE,Water Withdrawal,Water Withdrawal|Irrigation,,1
Rice,Rice_ItalyCstW,Water Withdrawal,Water Withdrawal|Irrigation,,1
Rice,Rice_LoireR,Water Withdrawal,Water Withdrawal|Irrigation,,1
Rice,Rice_MeditIsl,Water Withdrawal,Water Withdrawal|Irrigation,,1
Rice,Rice_PoR,Water Withdrawal,Water Withdrawal|Irrigation,,1
Rice,Rice_RhoneR,Water Withdrawal,Water Withdrawal|Irrigation,,1
Rice,Rice_SpainCstSE,Water Withdrawal,Water Withdrawal|Irrigation,,1
Rice,Rice_TagusR,Water Withdrawal,Water Withdrawal|Irrigation,,1
Rice,Rice_TiberR,Water Withdrawal,Water Withdrawal|Irrigation,,1
Rice,Rice_BlackSeaN,Water Withdrawal,Water Withdrawal|Irrigation,,1
Rice,Rice_DnieperR,Water Withdrawal,Water Withdrawal|Irrigation,,1
Rice,Rice_BlackSeaS,Water Withdrawal,Water Withdrawal|Irrigation,,1
Rice,Rice_TigrEuphR,Water Withdrawal,Water Withdrawal|Irrigation,,1
Rice,Rice_BengalBay,Water Withdrawal,Water Withdrawal|Irrigation,,1
Rice,Rice_BengalW,Water Withdrawal,Water Withdrawal|Irrigation,,1
Rice,Rice_BrahmaniR,Water Withdrawal,Water Withdrawal|Irrigation,,1
Rice,Rice_CauveryR,Water Withdrawal,Water Withdrawal|Irrigation,,1
Rice,Rice_GodavariR,Water Withdrawal,Water Withdrawal|Irrigation,,1
Rice,Rice_IndCstE,Water Withdrawal,Water Withdrawal|Irrigation,,1
Rice,Rice_IndCstNE,Water Withdrawal,Water Withdrawal|Irrigation,,1
Rice,Rice_IndCstS,Water Withdrawal,Water Withdrawal|Irrigation,,1
Rice,Rice_IndCstW,Water Withdrawal,Water Withdrawal|Irrigation,,1
Rice,Rice_IndusR,Water Withdrawal,Water Withdrawal|Irrigation,,1
Rice,Rice_KrishnaR,Water Withdrawal,Water Withdrawal|Irrigation,,1
Rice,Rice_MahanadiR,Water Withdrawal,Water Withdrawal|Irrigation,,1
Rice,Rice_MahiR,Water Withdrawal,Water Withdrawal|Irrigation,,1
Rice,Rice_NarmadaR,Water Withdrawal,Water Withdrawal|Irrigation,,1
Rice,Rice_PennarR,Water Withdrawal,Water Withdrawal|Irrigation,,1
Rice,Rice_SabarmatiR,Water Withdrawal,Water Withdrawal|Irrigation,,1
Rice,Rice_TaptiR,Water Withdrawal,Water Withdrawal|Irrigation,,1
Rice,Rice_BorneoCstN,Water Withdrawal,Water Withdrawal|Irrigation,,1
Rice,Rice_IdnE,Water Withdrawal,Water Withdrawal|Irrigation,,1
Rice,Rice_IrianJaya,Water Withdrawal,Water Withdrawal|Irrigation,,1
Rice,Rice_JavaTimor,Water Withdrawal,Water Withdrawal|Irrigation,,1
Rice,Rice_Kalimantan,Water Withdrawal,Water Withdrawal|Irrigation,,1
Rice,Rice_Sulawesi,Water Withdrawal,Water Withdrawal|Irrigation,,1
Rice,Rice_Sumatra,Water Withdrawal,Water Withdrawal|Irrigation,,1
Rice,Rice_Japan,Water Withdrawal,Water Withdrawal|Irrigation,,1
Rice,Rice_Taiwan,Water Withdrawal,Water Withdrawal|Irrigation,,1
Rice,Rice_MexCstNW,Water Withdrawal,Water Withdrawal|Irrigation,,1
Rice,Rice_MexCstW,Water Withdrawal,Water Withdrawal|Irrigation,,1
Rice,Rice_MexGulf,Water Withdrawal,Water Withdrawal|Irrigation,,1
Rice,Rice_Papaloapan,Water Withdrawal,Water Withdrawal|Irrigation,,1
Rice,Rice_RioBalsas,Water Withdrawal,Water Withdrawal|Irrigation,,1
Rice,Rice_RioLerma,Water Withdrawal,Water Withdrawal|Irrigation,,1
Rice,Rice_RioVerde,Water Withdrawal,Water Withdrawal|Irrigation,,1
Rice,Rice_Tehuantpc,Water Withdrawal,Water Withdrawal|Irrigation,,1
Rice,Rice_Helmand,Water Withdrawal,Water Withdrawal|Irrigation,,1
Rice,Rice_Iran,Water Withdrawal,Water Withdrawal|Irrigation,,1
Rice,Rice_PersianGulf,Water Withdrawal,Water Withdrawal|Irrigation,,1
Rice,Rice_ArabianSea,Water Withdrawal,Water Withdrawal|Irrigation,,1
Rice,Rice_HamuMashR,Water Withdrawal,Water Withdrawal|Irrigation,,1
Rice,Rice_CaspianNE,Water Withdrawal,Water Withdrawal|Irrigation,,1
Rice,Rice_DonR,Water Withdrawal,Water Withdrawal|Irrigation,,1
Rice,Rice_VolgaR,Water Withdrawal,Water Withdrawal|Irrigation,,1
Rice,Rice_YeniseiR,Water Withdrawal,Water Withdrawal|Irrigation,,1
Rice,Rice_AfrCstSSW,Water Withdrawal,Water Withdrawal|Irrigation,,1
Rice,Rice_OrangeR,Water Withdrawal,Water Withdrawal|Irrigation,,1
Rice,Rice_SAmerCstNE,Water Withdrawal,Water Withdrawal|Irrigation,,1
Rice,Rice_ChileCstN,Water Withdrawal,Water Withdrawal|Irrigation,,1
Rice,Rice_ChileCstS,Water Withdrawal,Water Withdrawal|Irrigation,,1
Rice,Rice_LaPuna,Water Withdrawal,Water Withdrawal|Irrigation,,1
Rice,Rice_PeruCst,Water Withdrawal,Water Withdrawal|Irrigation,,1
Rice,Rice_FarahrudR,Water Withdrawal,Water Withdrawal|Irrigation,,1
Rice,Rice_SriLanka,Water Withdrawal,Water Withdrawal|Irrigation,,1
Rice,Rice_Korea,Water Withdrawal,Water Withdrawal|Irrigation,,1
Rice,Rice_ChaoPhrR,Water Withdrawal,Water Withdrawal|Irrigation,,1
Rice,Rice_MalaysiaP,Water Withdrawal,Water Withdrawal|Irrigation,,1
Rice,Rice_Phlppns,Water Withdrawal,Water Withdrawal|Irrigation,,1
Rice,Rice_SittaungR,Water Withdrawal,Water Withdrawal|Irrigation,,1
Rice,Rice_ThaiGulf,Water Withdrawal,Water Withdrawal|Irrigation,,1
Rice,Rice_VietnamCst,Water Withdrawal,Water Withdrawal|Irrigation,,1
Rice,Rice_ArkWhtRedR,Water Withdrawal,Water Withdrawal|Irrigation,,1
Rice,Rice_California,Water Withdrawal,Water Withdrawal|Irrigation,,1
Rice,Rice_MissppRN,Water Withdrawal,Water Withdrawal|Irrigation,,1
Rice,Rice_MissppRS,Water Withdrawal,Water Withdrawal|Irrigation,,1
Rice,Rice_TexasCst,Water Withdrawal,Water Withdrawal|Irrigation,,1
Rice,Rice_UsaCstSE,Water Withdrawal,Water Withdrawal|Irrigation,,1
RootTuber,RootTuber_AfrCstE,Water Withdrawal,Water Withdrawal|Irrigation,,1
RootTuber,RootTuber_AfrCstNE,Water Withdrawal,Water Withdrawal|Irrigation,,1
RootTuber,RootTuber_CongoR,Water Withdrawal,Water Withdrawal|Irrigation,,1
RootTuber,RootTuber_LChad,Water Withdrawal,Water Withdrawal|Irrigation,,1
RootTuber,RootTuber_NileR,Water Withdrawal,Water Withdrawal|Irrigation,,1
RootTuber,RootTuber_RiftValley,Water Withdrawal,Water Withdrawal|Irrigation,,1
RootTuber,RootTuber_ShebJubR,Water Withdrawal,Water Withdrawal|Irrigation,,1
RootTuber,RootTuber_AfrCstNW,Water Withdrawal,Water Withdrawal|Irrigation,,1
RootTuber,RootTuber_AfrIntN,Water Withdrawal,Water Withdrawal|Irrigation,,1
RootTuber,RootTuber_MeditE,Water Withdrawal,Water Withdrawal|Irrigation,,1
RootTuber,RootTuber_MeditS,Water Withdrawal,Water Withdrawal|Irrigation,,1
RootTuber,RootTuber_SinaiP,Water Withdrawal,Water Withdrawal|Irrigation,,1
RootTuber,RootTuber_AfrCstS,Water Withdrawal,Water Withdrawal|Irrigation,,1
RootTuber,RootTuber_AfrCstSE,Water Withdrawal,Water Withdrawal|Irrigation,,1
RootTuber,RootTuber_AfrIntS,Water Withdrawal,Water Withdrawal|Irrigation,,1
RootTuber,RootTuber_AngolaCst,Water Withdrawal,Water Withdrawal|Irrigation,,1
RootTuber,RootTuber_LimpopoR,Water Withdrawal,Water Withdrawal|Irrigation,,1
RootTuber,RootTuber_ZambeziR,Water Withdrawal,Water Withdrawal|Irrigation,,1
RootTuber,RootTuber_AfrCstW,Water Withdrawal,Water Withdrawal|Irrigation,,1
RootTuber,RootTuber_GuineaGulf,Water Withdrawal,Water Withdrawal|Irrigation,,1
RootTuber,RootTuber_NigerR,Water Withdrawal,Water Withdrawal|Irrigation,,1
RootTuber,RootTuber_SenegalR,Water Withdrawal,Water Withdrawal|Irrigation,,1
RootTuber,RootTuber_VoltaR,Water Withdrawal,Water Withdrawal|Irrigation,,1
RootTuber,RootTuber_ArgColoR,Water Withdrawal,Water Withdrawal|Irrigation,,1
RootTuber,RootTuber_ArgCstN,Water Withdrawal,Water Withdrawal|Irrigation,,1
RootTuber,RootTuber_ArgCstS,Water Withdrawal,Water Withdrawal|Irrigation,,1
RootTuber,RootTuber_ChileCstS,Water Withdrawal,Water Withdrawal|Irrigation,,1
RootTuber,RootTuber_LaPuna,Water Withdrawal,Water Withdrawal|Irrigation,,1
RootTuber,RootTuber_MarChiq,Water Withdrawal,Water Withdrawal|Irrigation,,1
RootTuber,RootTuber_NegroR,Water Withdrawal,Water Withdrawal|Irrigation,,1
RootTuber,RootTuber_Pampas,Water Withdrawal,Water Withdrawal|Irrigation,,1
RootTuber,RootTuber_RioLaPlata,Water Withdrawal,Water Withdrawal|Irrigation,,1
RootTuber,RootTuber_Salinas,Water Withdrawal,Water Withdrawal|Irrigation,,1
RootTuber,RootTuber_AusCstE,Water Withdrawal,Water Withdrawal|Irrigation,,1
RootTuber,RootTuber_AusCstS,Water Withdrawal,Water Withdrawal|Irrigation,,1
RootTuber,RootTuber_AusCstW,Water Withdrawal,Water Withdrawal|Irrigation,,1
RootTuber,RootTuber_AusInt,Water Withdrawal,Water Withdrawal|Irrigation,,1
RootTuber,RootTuber_MurrayDrlg,Water Withdrawal,Water Withdrawal|Irrigation,,1
RootTuber,RootTuber_NewZealand,Water Withdrawal,Water Withdrawal|Irrigation,,1
RootTuber,RootTuber_Tasmania,Water Withdrawal,Water Withdrawal|Irrigation,,1
RootTuber,RootTuber_AmazonR,Water Withdrawal,Water Withdrawal|Irrigation,,1
RootTuber,RootTuber_BrzCstE,Water Withdrawal,Water Withdrawal|Irrigation,,1
RootTuber,RootTuber_BrzCstN,Water Withdrawal,Water Withdrawal|Irrigation,,1
RootTuber,RootTuber_BrzCstS,Water Withdrawal,Water Withdrawal|Irrigation,,1
RootTuber,RootTuber_ParnaibaR,Water Withdrawal,Water Withdrawal|Irrigation,,1
RootTuber,RootTuber_SaoFrancR,Water Withdrawal,Water Withdrawal|Irrigation,,1
RootTuber,RootTuber_TocantinsR,Water Withdrawal,Water Withdrawal|Irrigation,,1
RootTuber,RootTuber_Caribbean,Water Withdrawal,Water Withdrawal|Irrigation,,1
RootTuber,RootTuber_CntAmer,Water Withdrawal,Water Withdrawal|Irrigation,,1
RootTuber,RootTuber_SAmerCstN,Water Withdrawal,Water Withdrawal|Irrigation,,1
RootTuber,RootTuber_AmuDaryaR,Water Withdrawal,Water Withdrawal|Irrigation,,1
RootTuber,RootTuber_AmurR,Water Withdrawal,Water Withdrawal|Irrigation,,1
RootTuber,RootTuber_BlackSeaS,Water Withdrawal,Water Withdrawal|Irrigation,,1
RootTuber,RootTuber_CaspianE,Water Withdrawal,Water Withdrawal|Irrigation,,1
RootTuber,RootTuber_CaspianNE,Water Withdrawal,Water Withdrawal|Irrigation,,1
RootTuber,RootTuber_CaspianSW,Water Withdrawal,Water Withdrawal|Irrigation,,1
RootTuber,RootTuber_Gobi,Water Withdrawal,Water Withdrawal|Irrigation,,1
RootTuber,RootTuber_LBalkash,Water Withdrawal,Water Withdrawal|Irrigation,,1
RootTuber,RootTuber_ObR,Water Withdrawal,Water Withdrawal|Irrigation,,1
RootTuber,RootTuber_SyrDaryaR,Water Withdrawal,Water Withdrawal|Irrigation,,1
RootTuber,RootTuber_UralR,Water Withdrawal,Water Withdrawal|Irrigation,,1
RootTuber,RootTuber_VolgaR,Water Withdrawal,Water Withdrawal|Irrigation,,1
RootTuber,RootTuber_YeniseiR,Water Withdrawal,Water Withdrawal|Irrigation,,1
RootTuber,RootTuber_BoHai,Water Withdrawal,Water Withdrawal|Irrigation,,1
RootTuber,RootTuber_ChinaCst,Water Withdrawal,Water Withdrawal|Irrigation,,1
RootTuber,RootTuber_GangesR,Water Withdrawal,Water Withdrawal|Irrigation,,1
RootTuber,RootTuber_Hainan,Water Withdrawal,Water Withdrawal|Irrigation,,1
RootTuber,RootTuber_Hong,Water Withdrawal,Water Withdrawal|Irrigation,,1
RootTuber,RootTuber_HuangHeR,Water Withdrawal,Water Withdrawal|Irrigation,,1
RootTuber,RootTuber_IrrawaddyR,Water Withdrawal,Water Withdrawal|Irrigation,,1
RootTuber,RootTuber_Mekong,Water Withdrawal,Water Withdrawal|Irrigation,,1
RootTuber,RootTuber_RusCstSE,Water Withdrawal,Water Withdrawal|Irrigation,,1
RootTuber,RootTuber_SChinaSea,Water Withdrawal,Water Withdrawal|Irrigation,,1
RootTuber,RootTuber_Salween,Water Withdrawal,Water Withdrawal|Irrigation,,1
RootTuber,RootTuber_Tarim,Water Withdrawal,Water Withdrawal|Irrigation,,1
RootTuber,RootTuber_XunJiang,Water Withdrawal,Water Withdrawal|Irrigation,,1
RootTuber,RootTuber_Yangtze,Water Withdrawal,Water Withdrawal|Irrigation,,1
RootTuber,RootTuber_ZiyaHe,Water Withdrawal,Water Withdrawal|Irrigation,,1
RootTuber,RootTuber_ColEcuaCst,Water Withdrawal,Water Withdrawal|Irrigation,,1
RootTuber,RootTuber_MagdalenaR,Water Withdrawal,Water Withdrawal|Irrigation,,1
RootTuber,RootTuber_OrinocoR,Water Withdrawal,Water Withdrawal|Irrigation,,1
RootTuber,RootTuber_AdrBlkSea,Water Withdrawal,Water Withdrawal|Irrigation,,1
RootTuber,RootTuber_BalticSea,Water Withdrawal,Water Withdrawal|Irrigation,,1
RootTuber,RootTuber_DanubeR,Water Withdrawal,Water Withdrawal|Irrigation,,1
RootTuber,RootTuber_DaugavaR,Water Withdrawal,Water Withdrawal|Irrigation,,1
RootTuber,RootTuber_DnkGrmCst,Water Withdrawal,Water Withdrawal|Irrigation,,1
RootTuber,RootTuber_ElbeR,Water Withdrawal,Water Withdrawal|Irrigation,,1
RootTuber,RootTuber_NarvaR,Water Withdrawal,Water Withdrawal|Irrigation,,1
RootTuber,RootTuber_NemanR,Water Withdrawal,Water Withdrawal|Irrigation,,1
RootTuber,RootTuber_OderR,Water Withdrawal,Water Withdrawal|Irrigation,,1
RootTuber,RootTuber_PolandCst,Water Withdrawal,Water Withdrawal|Irrigation,,1
RootTuber,RootTuber_WislaR,Water Withdrawal,Water Withdrawal|Irrigation,,1
RootTuber,RootTuber_DouroR,Water Withdrawal,Water Withdrawal|Irrigation,,1
RootTuber,RootTuber_EbroR,Water Withdrawal,Water Withdrawal|Irrigation,,1
RootTuber,RootTuber_EmsWeserR,Water Withdrawal,Water Withdrawal|Irrigation,,1
RootTuber,RootTuber_EngWales,Water Withdrawal,Water Withdrawal|Irrigation,,1
RootTuber,RootTuber_Finland,Water Withdrawal,Water Withdrawal|Irrigation,,1
RootTuber,RootTuber_FranceCstS,Water Withdrawal,Water Withdrawal|Irrigation,,1
RootTuber,RootTuber_FranceCstW,Water Withdrawal,Water Withdrawal|Irrigation,,1
RootTuber,RootTuber_Gironde,Water Withdrawal,Water Withdrawal|Irrigation,,1
RootTuber,RootTuber_GuadalqR,Water Withdrawal,Water Withdrawal|Irrigation,,1
RootTuber,RootTuber_GuadianaR,Water Withdrawal,Water Withdrawal|Irrigation,,1
RootTuber,RootTuber_IberiaCst,Water Withdrawal,Water Withdrawal|Irrigation,,1
RootTuber,RootTuber_Ireland,Water Withdrawal,Water Withdrawal|Irrigation,,1
RootTuber,RootTuber_ItalyCstE,Water Withdrawal,Water Withdrawal|Irrigation,,1
RootTuber,RootTuber_ItalyCstW,Water Withdrawal,Water Withdrawal|Irrigation,,1
RootTuber,RootTuber_LoireR,Water Withdrawal,Water Withdrawal|Irrigation,,1
RootTuber,RootTuber_MeditIsl,Water Withdrawal,Water Withdrawal|Irrigation,,1
RootTuber,RootTuber_NevaR,Water Withdrawal,Water Withdrawal|Irrigation,,1
RootTuber,RootTuber_PoR,Water Withdrawal,Water Withdrawal|Irrigation,,1
RootTuber,RootTuber_RhineR,Water Withdrawal,Water Withdrawal|Irrigation,,1
RootTuber,RootTuber_RhoneR,Water Withdrawal,Water Withdrawal|Irrigation,,1
RootTuber,RootTuber_ScheldtR,Water Withdrawal,Water Withdrawal|Irrigation,,1
RootTuber,RootTuber_Scotland,Water Withdrawal,Water Withdrawal|Irrigation,,1
RootTuber,RootTuber_SeineR,Water Withdrawal,Water Withdrawal|Irrigation,,1
RootTuber,RootTuber_SpainCstSE,Water Withdrawal,Water Withdrawal|Irrigation,,1
RootTuber,RootTuber_Sweden,Water Withdrawal,Water Withdrawal|Irrigation,,1
RootTuber,RootTuber_TagusR,Water Withdrawal,Water Withdrawal|Irrigation,,1
RootTuber,RootTuber_TiberR,Water Withdrawal,Water Withdrawal|Irrigation,,1
RootTuber,RootTuber_BlackSeaN,Water Withdrawal,Water Withdrawal|Irrigation,,1
RootTuber,RootTuber_DnieperR,Water Withdrawal,Water Withdrawal|Irrigation,,1
RootTuber,RootTuber_DniesterR,Water Withdrawal,Water Withdrawal|Irrigation,,1
RootTuber,RootTuber_DonR,Water Withdrawal,Water Withdrawal|Irrigation,,1
RootTuber,RootTuber_EJrdnSyr,Water Withdrawal,Water Withdrawal|Irrigation,,1
RootTuber,RootTuber_TigrEuphR,Water Withdrawal,Water Withdrawal|Irrigation,,1
RootTuber,RootTuber_ScndnvN,Water Withdrawal,Water Withdrawal|Irrigation,,1
RootTuber,RootTuber_BengalW,Water Withdrawal,Water Withdrawal|Irrigation,,1
RootTuber,RootTuber_BrahmaniR,Water Withdrawal,Water Withdrawal|Irrigation,,1
RootTuber,RootTuber_CauveryR,Water Withdrawal,Water Withdrawal|Irrigation,,1
RootTuber,RootTuber_GodavariR,Water Withdrawal,Water Withdrawal|Irrigation,,1
RootTuber,RootTuber_IndCstE,Water Withdrawal,Water Withdrawal|Irrigation,,1
RootTuber,RootTuber_IndCstNE,Water Withdrawal,Water Withdrawal|Irrigation,,1
RootTuber,RootTuber_IndCstS,Water Withdrawal,Water Withdrawal|Irrigation,,1
RootTuber,RootTuber_IndCstW,Water Withdrawal,Water Withdrawal|Irrigation,,1
RootTuber,RootTuber_IndusR,Water Withdrawal,Water Withdrawal|Irrigation,,1
RootTuber,RootTuber_KrishnaR,Water Withdrawal,Water Withdrawal|Irrigation,,1
RootTuber,RootTuber_MahanadiR,Water Withdrawal,Water Withdrawal|Irrigation,,1
RootTuber,RootTuber_MahiR,Water Withdrawal,Water Withdrawal|Irrigation,,1
RootTuber,RootTuber_NarmadaR,Water Withdrawal,Water Withdrawal|Irrigation,,1
RootTuber,RootTuber_PennarR,Water Withdrawal,Water Withdrawal|Irrigation,,1
RootTuber,RootTuber_SabarmatiR,Water Withdrawal,Water Withdrawal|Irrigation,,1
RootTuber,RootTuber_TaptiR,Water Withdrawal,Water Withdrawal|Irrigation,,1
RootTuber,RootTuber_BorneoCstN,Water Withdrawal,Water Withdrawal|Irrigation,,1
RootTuber,RootTuber_IdnE,Water Withdrawal,Water Withdrawal|Irrigation,,1
RootTuber,RootTuber_IrianJaya,Water Withdrawal,Water Withdrawal|Irrigation,,1
RootTuber,RootTuber_JavaTimor,Water Withdrawal,Water Withdrawal|Irrigation,,1
RootTuber,RootTuber_Kalimantan,Water Withdrawal,Water Withdrawal|Irrigation,,1
RootTuber,RootTuber_Sulawesi,Water Withdrawal,Water Withdrawal|Irrigation,,1
RootTuber,RootTuber_Sumatra,Water Withdrawal,Water Withdrawal|Irrigation,,1
RootTuber,RootTuber_Japan,Water Withdrawal,Water Withdrawal|Irrigation,,1
RootTuber,RootTuber_Taiwan,Water Withdrawal,Water Withdrawal|Irrigation,,1
RootTuber,RootTuber_California,Water Withdrawal,Water Withdrawal|Irrigation,,1
RootTuber,RootTuber_GrijUsuR,Water Withdrawal,Water Withdrawal|Irrigation,,1
RootTuber,RootTuber_MexBaja,Water Withdrawal,Water Withdrawal|Irrigation,,1
RootTuber,RootTuber_MexCstNW,Water Withdrawal,Water Withdrawal|Irrigation,,1
RootTuber,RootTuber_MexCstW,Water Withdrawal,Water Withdrawal|Irrigation,,1
RootTuber,RootTuber_MexGulf,Water Withdrawal,Water Withdrawal|Irrigation,,1
RootTuber,RootTuber_MexInt,Water Withdrawal,Water Withdrawal|Irrigation,,1
RootTuber,RootTuber_Papaloapan,Water Withdrawal,Water Withdrawal|Irrigation,,1
RootTuber,RootTuber_RioBalsas,Water Withdrawal,Water Withdrawal|Irrigation,,1
RootTuber,RootTuber_RioGrande,Water Withdrawal,Water Withdrawal|Irrigation,,1
RootTuber,RootTuber_RioLerma,Water Withdrawal,Water Withdrawal|Irrigation,,1
RootTuber,RootTuber_RioVerde,Water Withdrawal,Water Withdrawal|Irrigation,,1
RootTuber,RootTuber_Tehuantpc,Water Withdrawal,Water Withdrawal|Irrigation,,1
RootTuber,RootTuber_UsaColoRS,Water Withdrawal,Water Withdrawal|Irrigation,,1
RootTuber,RootTuber_YucatanP,Water Withdrawal,Water Withdrawal|Irrigation,,1
RootTuber,RootTuber_ArabianP,Water Withdrawal,Water Withdrawal|Irrigation,,1
RootTuber,RootTuber_DeadSea,Water Withdrawal,Water Withdrawal|Irrigation,,1
RootTuber,RootTuber_FarahrudR,Water Withdrawal,Water Withdrawal|Irrigation,,1
RootTuber,RootTuber_Helmand,Water Withdrawal,Water Withdrawal|Irrigation,,1
RootTuber,RootTuber_Iran,Water Withdrawal,Water Withdrawal|Irrigation,,1
RootTuber,RootTuber_PersianGulf,Water Withdrawal,Water Withdrawal|Irrigation,,1
RootTuber,RootTuber_RedSeaE,Water Withdrawal,Water Withdrawal|Irrigation,,1
RootTuber,RootTuber_ArabianSea,Water Withdrawal,Water Withdrawal|Irrigation,,1
RootTuber,RootTuber_HamuMashR,Water Withdrawal,Water Withdrawal|Irrigation,,1
RootTuber,RootTuber_BarentsSea,Water Withdrawal,Water Withdrawal|Irrigation,,1
RootTuber,RootTuber_DvinaRN,Water Withdrawal,Water Withdrawal|Irrigation,,1
RootTuber,RootTuber_AfrCstSSW,Water Withdrawal,Water Withdrawal|Irrigation,,1
RootTuber,RootTuber_OrangeR,Water Withdrawal,Water Withdrawal|Irrigation,,1
RootTuber,RootTuber_SAmerCstNE,Water Withdrawal,Water Withdrawal|Irrigation,,1
RootTuber,RootTuber_ChileCstN,Water Withdrawal,Water Withdrawal|Irrigation,,1
RootTuber,RootTuber_PeruCst,Water Withdrawal,Water Withdrawal|Irrigation,,1
RootTuber,RootTuber_BengalBay,Water Withdrawal,Water Withdrawal|Irrigation,,1
RootTuber,RootTuber_SriLanka,Water Withdrawal,Water Withdrawal|Irrigation,,1
RootTuber,RootTuber_Korea,Water Withdrawal,Water Withdrawal|Irrigation,,1
RootTuber,RootTuber_ChaoPhrR,Water Withdrawal,Water Withdrawal|Irrigation,,1
RootTuber,RootTuber_MalaysiaP,Water Withdrawal,Water Withdrawal|Irrigation,,1
RootTuber,RootTuber_Phlppns,Water Withdrawal,Water Withdrawal|Irrigation,,1
RootTuber,RootTuber_SittaungR,Water Withdrawal,Water Withdrawal|Irrigation,,1
RootTuber,RootTuber_ThaiGulf,Water Withdrawal,Water Withdrawal|Irrigation,,1
RootTuber,RootTuber_VietnamCst,Water Withdrawal,Water Withdrawal|Irrigation,,1
RootTuber,RootTuber_ArkWhtRedR,Water Withdrawal,Water Withdrawal|Irrigation,,1
RootTuber,RootTuber_FraserR,Water Withdrawal,Water Withdrawal|Irrigation,,1
RootTuber,RootTuber_GreatBasin,Water Withdrawal,Water Withdrawal|Irrigation,,1
RootTuber,RootTuber_GreatLakes,Water Withdrawal,Water Withdrawal|Irrigation,,1
RootTuber,RootTuber_MissouriR,Water Withdrawal,Water Withdrawal|Irrigation,,1
RootTuber,RootTuber_MissppRN,Water Withdrawal,Water Withdrawal|Irrigation,,1
RootTuber,RootTuber_MissppRS,Water Withdrawal,Water Withdrawal|Irrigation,,1
RootTuber,RootTuber_NelsonR,Water Withdrawal,Water Withdrawal|Irrigation,,1
RootTuber,RootTuber_OhioR,Water Withdrawal,Water Withdrawal|Irrigation,,1
RootTuber,RootTuber_TennR,Water Withdrawal,Water Withdrawal|Irrigation,,1
RootTuber,RootTuber_TexasCst,Water Withdrawal,Water Withdrawal|Irrigation,,1
RootTuber,RootTuber_UsaColoRN,Water Withdrawal,Water Withdrawal|Irrigation,,1
RootTuber,RootTuber_UsaCstE,Water Withdrawal,Water Withdrawal|Irrigation,,1
RootTuber,RootTuber_UsaCstNE,Water Withdrawal,Water Withdrawal|Irrigation,,1
RootTuber,RootTuber_UsaCstSE,Water Withdrawal,Water Withdrawal|Irrigation,,1
RootTuber,RootTuber_UsaPacNW,Water Withdrawal,Water Withdrawal|Irrigation,,1
SheepGoat,Mixed,Water Withdrawal,Water Withdrawal|Livestock,,1
SheepGoat,Pastoral,Water Withdrawal,Water Withdrawal|Livestock,,1
Soybean,Soybean_AfrCstNE,Water Withdrawal,Water Withdrawal|Irrigation,,1
Soybean,Soybean_NileR,Water Withdrawal,Water Withdrawal|Irrigation,,1
Soybean,Soybean_RiftValley,Water Withdrawal,Water Withdrawal|Irrigation,,1
Soybean,Soybean_ShebJubR,Water Withdrawal,Water Withdrawal|Irrigation,,1
Soybean,Soybean_AfrIntN,Water Withdrawal,Water Withdrawal|Irrigation,,1
Soybean,Soybean_MeditE,Water Withdrawal,Water Withdrawal|Irrigation,,1
Soybean,Soybean_AfrCstSE,Water Withdrawal,Water Withdrawal|Irrigation,,1
Soybean,Soybean_LimpopoR,Water Withdrawal,Water Withdrawal|Irrigation,,1
Soybean,Soybean_ZambeziR,Water Withdrawal,Water Withdrawal|Irrigation,,1
Soybean,Soybean_ArgColoR,Water Withdrawal,Water Withdrawal|Irrigation,,1
Soybean,Soybean_ArgCstN,Water Withdrawal,Water Withdrawal|Irrigation,,1
Soybean,Soybean_MarChiq,Water Withdrawal,Water Withdrawal|Irrigation,,1
Soybean,Soybean_Pampas,Water Withdrawal,Water Withdrawal|Irrigation,,1
Soybean,Soybean_RioLaPlata,Water Withdrawal,Water Withdrawal|Irrigation,,1
Soybean,Soybean_Salinas,Water Withdrawal,Water Withdrawal|Irrigation,,1
Soybean,Soybean_AmazonR,Water Withdrawal,Water Withdrawal|Irrigation,,1
Soybean,Soybean_BrzCstN,Water Withdrawal,Water Withdrawal|Irrigation,,1
Soybean,Soybean_BrzCstS,Water Withdrawal,Water Withdrawal|Irrigation,,1
Soybean,Soybean_ParnaibaR,Water Withdrawal,Water Withdrawal|Irrigation,,1
Soybean,Soybean_SaoFrancR,Water Withdrawal,Water Withdrawal|Irrigation,,1
Soybean,Soybean_TocantinsR,Water Withdrawal,Water Withdrawal|Irrigation,,1
Soybean,Soybean_AmuDaryaR,Water Withdrawal,Water Withdrawal|Irrigation,,1
Soybean,Soybean_LBalkash,Water Withdrawal,Water Withdrawal|Irrigation,,1
Soybean,Soybean_SyrDaryaR,Water Withdrawal,Water Withdrawal|Irrigation,,1
Soybean,Soybean_AmurR,Water Withdrawal,Water Withdrawal|Irrigation,,1
Soybean,Soybean_BoHai,Water Withdrawal,Water Withdrawal|Irrigation,,1
Soybean,Soybean_ChinaCst,Water Withdrawal,Water Withdrawal|Irrigation,,1
Soybean,Soybean_GangesR,Water Withdrawal,Water Withdrawal|Irrigation,,1
Soybean,Soybean_Gobi,Water Withdrawal,Water Withdrawal|Irrigation,,1
Soybean,Soybean_Hainan,Water Withdrawal,Water Withdrawal|Irrigation,,1
Soybean,Soybean_Hong,Water Withdrawal,Water Withdrawal|Irrigation,,1
Soybean,Soybean_HuangHeR,Water Withdrawal,Water Withdrawal|Irrigation,,1
Soybean,Soybean_IrrawaddyR,Water Withdrawal,Water Withdrawal|Irrigation,,1
Soybean,Soybean_Mekong,Water Withdrawal,Water Withdrawal|Irrigation,,1
Soybean,Soybean_ObR,Water Withdrawal,Water Withdrawal|Irrigation,,1
Soybean,Soybean_RusCstSE,Water Withdrawal,Water Withdrawal|Irrigation,,1
Soybean,Soybean_SChinaSea,Water Withdrawal,Water Withdrawal|Irrigation,,1
Soybean,Soybean_Salween,Water Withdrawal,Water Withdrawal|Irrigation,,1
Soybean,Soybean_Tarim,Water Withdrawal,Water Withdrawal|Irrigation,,1
Soybean,Soybean_XunJiang,Water Withdrawal,Water Withdrawal|Irrigation,,1
Soybean,Soybean_Yangtze,Water Withdrawal,Water Withdrawal|Irrigation,,1
Soybean,Soybean_ZiyaHe,Water Withdrawal,Water Withdrawal|Irrigation,,1
Soybean,Soybean_AdrBlkSea,Water Withdrawal,Water Withdrawal|Irrigation,,1
Soybean,Soybean_DanubeR,Water Withdrawal,Water Withdrawal|Irrigation,,1
Soybean,Soybean_EbroR,Water Withdrawal,Water Withdrawal|Irrigation,,1
Soybean,Soybean_FranceCstS,Water Withdrawal,Water Withdrawal|Irrigation,,1
Soybean,Soybean_FranceCstW,Water Withdrawal,Water Withdrawal|Irrigation,,1
Soybean,Soybean_Gironde,Water Withdrawal,Water Withdrawal|Irrigation,,1
Soybean,Soybean_GuadalqR,Water Withdrawal,Water Withdrawal|Irrigation,,1
Soybean,Soybean_GuadianaR,Water Withdrawal,Water Withdrawal|Irrigation,,1
Soybean,Soybean_IberiaCst,Water Withdrawal,Water Withdrawal|Irrigation,,1
Soybean,Soybean_ItalyCstE,Water Withdrawal,Water Withdrawal|Irrigation,,1
Soybean,Soybean_ItalyCstW,Water Withdrawal,Water Withdrawal|Irrigation,,1
Soybean,Soybean_LoireR,Water Withdrawal,Water Withdrawal|Irrigation,,1
Soybean,Soybean_PoR,Water Withdrawal,Water Withdrawal|Irrigation,,1
Soybean,Soybean_RhineR,Water Withdrawal,Water Withdrawal|Irrigation,,1
Soybean,Soybean_RhoneR,Water Withdrawal,Water Withdrawal|Irrigation,,1
Soybean,Soybean_SeineR,Water Withdrawal,Water Withdrawal|Irrigation,,1
Soybean,Soybean_TagusR,Water Withdrawal,Water Withdrawal|Irrigation,,1
Soybean,Soybean_GodavariR,Water Withdrawal,Water Withdrawal|Irrigation,,1
Soybean,Soybean_IndCstW,Water Withdrawal,Water Withdrawal|Irrigation,,1
Soybean,Soybean_KrishnaR,Water Withdrawal,Water Withdrawal|Irrigation,,1
Soybean,Soybean_MahanadiR,Water Withdrawal,Water Withdrawal|Irrigation,,1
Soybean,Soybean_MahiR,Water Withdrawal,Water Withdrawal|Irrigation,,1
Soybean,Soybean_NarmadaR,Water Withdrawal,Water Withdrawal|Irrigation,,1
Soybean,Soybean_SabarmatiR,Water Withdrawal,Water Withdrawal|Irrigation,,1
Soybean,Soybean_TaptiR,Water Withdrawal,Water Withdrawal|Irrigation,,1
Soybean,Soybean_JavaTimor,Water Withdrawal,Water Withdrawal|Irrigation,,1
Soybean,Soybean_Kalimantan,Water Withdrawal,Water Withdrawal|Irrigation,,1
Soybean,Soybean_Sulawesi,Water Withdrawal,Water Withdrawal|Irrigation,,1
Soybean,Soybean_Sumatra,Water Withdrawal,Water Withdrawal|Irrigation,,1
Soybean,Soybean_GrijUsuR,Water Withdrawal,Water Withdrawal|Irrigation,,1
Soybean,Soybean_MexCstNW,Water Withdrawal,Water Withdrawal|Irrigation,,1
Soybean,Soybean_MexGulf,Water Withdrawal,Water Withdrawal|Irrigation,,1
Soybean,Soybean_MexInt,Water Withdrawal,Water Withdrawal|Irrigation,,1
Soybean,Soybean_RioGrande,Water Withdrawal,Water Withdrawal|Irrigation,,1
Soybean,Soybean_RioVerde,Water Withdrawal,Water Withdrawal|Irrigation,,1
Soybean,Soybean_YucatanP,Water Withdrawal,Water Withdrawal|Irrigation,,1
Soybean,Soybean_CaspianE,Water Withdrawal,Water Withdrawal|Irrigation,,1
Soybean,Soybean_CaspianSW,Water Withdrawal,Water Withdrawal|Irrigation,,1
Soybean,Soybean_FarahrudR,Water Withdrawal,Water Withdrawal|Irrigation,,1
Soybean,Soybean_HamuMashR,Water Withdrawal,Water Withdrawal|Irrigation,,1
Soybean,Soybean_Helmand,Water Withdrawal,Water Withdrawal|Irrigation,,1
Soybean,Soybean_Iran,Water Withdrawal,Water Withdrawal|Irrigation,,1
Soybean,Soybean_PersianGulf,Water Withdrawal,Water Withdrawal|Irrigation,,1
Soybean,Soybean_TigrEuphR,Water Withdrawal,Water Withdrawal|Irrigation,,1
Soybean,Soybean_AfrCstS,Water Withdrawal,Water Withdrawal|Irrigation,,1
Soybean,Soybean_AfrCstSSW,Water Withdrawal,Water Withdrawal|Irrigation,,1
Soybean,Soybean_OrangeR,Water Withdrawal,Water Withdrawal|Irrigation,,1
Soybean,Soybean_Korea,Water Withdrawal,Water Withdrawal|Irrigation,,1
Soybean,Soybean_ArkWhtRedR,Water Withdrawal,Water Withdrawal|Irrigation,,1
Soybean,Soybean_GreatLakes,Water Withdrawal,Water Withdrawal|Irrigation,,1
Soybean,Soybean_MissouriR,Water Withdrawal,Water Withdrawal|Irrigation,,1
Soybean,Soybean_MissppRN,Water Withdrawal,Water Withdrawal|Irrigation,,1
Soybean,Soybean_MissppRS,Water Withdrawal,Water Withdrawal|Irrigation,,1
Soybean,Soybean_NelsonR,Water Withdrawal,Water Withdrawal|Irrigation,,1
Soybean,Soybean_OhioR,Water Withdrawal,Water Withdrawal|Irrigation,,1
Soybean,Soybean_TennR,Water Withdrawal,Water Withdrawal|Irrigation,,1
Soybean,Soybean_TexasCst,Water Withdrawal,Water Withdrawal|Irrigation,,1
Soybean,Soybean_UsaCstE,Water Withdrawal,Water Withdrawal|Irrigation,,1
Soybean,Soybean_UsaCstSE,Water Withdrawal,Water Withdrawal|Irrigation,,1
SugarCrop,SugarCropC4_AfrCstNE,Water Withdrawal,Water Withdrawal|Irrigation,,1
SugarCrop,SugarCropC4_CongoR,Water Withdrawal,Water Withdrawal|Irrigation,,1
SugarCrop,SugarCropC4_LChad,Water Withdrawal,Water Withdrawal|Irrigation,,1
SugarCrop,SugarCropC4_Madagascar,Water Withdrawal,Water Withdrawal|Irrigation,,1
SugarCrop,SugarCropC4_NileR,Water Withdrawal,Water Withdrawal|Irrigation,,1
SugarCrop,SugarCropC4_RiftValley,Water Withdrawal,Water Withdrawal|Irrigation,,1
SugarCrop,SugarCropC4_ShebJubR,Water Withdrawal,Water Withdrawal|Irrigation,,1
SugarCrop,SugarCropC4_AfrCstNW,Water Withdrawal,Water Withdrawal|Irrigation,,1
SugarCrop,SugarCropC4_AfrIntN,Water Withdrawal,Water Withdrawal|Irrigation,,1
SugarCrop,SugarCropC4_MeditE,Water Withdrawal,Water Withdrawal|Irrigation,,1
SugarCrop,SugarCropC4_MeditS,Water Withdrawal,Water Withdrawal|Irrigation,,1
SugarCrop,SugarCropC4_SinaiP,Water Withdrawal,Water Withdrawal|Irrigation,,1
SugarCrop,SugarCrop_AfrCstNW,Water Withdrawal,Water Withdrawal|Irrigation,,1
SugarCrop,SugarCrop_AfrIntN,Water Withdrawal,Water Withdrawal|Irrigation,,1
SugarCrop,SugarCrop_MeditE,Water Withdrawal,Water Withdrawal|Irrigation,,1
SugarCrop,SugarCrop_MeditS,Water Withdrawal,Water Withdrawal|Irrigation,,1
SugarCrop,SugarCrop_NileR,Water Withdrawal,Water Withdrawal|Irrigation,,1
SugarCrop,SugarCrop_SinaiP,Water Withdrawal,Water Withdrawal|Irrigation,,1
SugarCrop,SugarCropC4_AfrCstE,Water Withdrawal,Water Withdrawal|Irrigation,,1
SugarCrop,SugarCropC4_AfrCstS,Water Withdrawal,Water Withdrawal|Irrigation,,1
SugarCrop,SugarCropC4_AfrCstSE,Water Withdrawal,Water Withdrawal|Irrigation,,1
SugarCrop,SugarCropC4_AfrIntS,Water Withdrawal,Water Withdrawal|Irrigation,,1
SugarCrop,SugarCropC4_AngolaCst,Water Withdrawal,Water Withdrawal|Irrigation,,1
SugarCrop,SugarCropC4_LimpopoR,Water Withdrawal,Water Withdrawal|Irrigation,,1
SugarCrop,SugarCropC4_ZambeziR,Water Withdrawal,Water Withdrawal|Irrigation,,1
SugarCrop,SugarCropC4_AfrCstW,Water Withdrawal,Water Withdrawal|Irrigation,,1
SugarCrop,SugarCropC4_GuineaGulf,Water Withdrawal,Water Withdrawal|Irrigation,,1
SugarCrop,SugarCropC4_NigerR,Water Withdrawal,Water Withdrawal|Irrigation,,1
SugarCrop,SugarCropC4_SenegalR,Water Withdrawal,Water Withdrawal|Irrigation,,1
SugarCrop,SugarCropC4_VoltaR,Water Withdrawal,Water Withdrawal|Irrigation,,1
SugarCrop,SugarCropC4_MarChiq,Water Withdrawal,Water Withdrawal|Irrigation,,1
SugarCrop,SugarCropC4_RioLaPlata,Water Withdrawal,Water Withdrawal|Irrigation,,1
SugarCrop,SugarCropC4_AusCstE,Water Withdrawal,Water Withdrawal|Irrigation,,1
SugarCrop,SugarCropC4_AusCstN,Water Withdrawal,Water Withdrawal|Irrigation,,1
SugarCrop,SugarCropC4_MurrayDrlg,Water Withdrawal,Water Withdrawal|Irrigation,,1
SugarCrop,SugarCropC4_AmazonR,Water Withdrawal,Water Withdrawal|Irrigation,,1
SugarCrop,SugarCropC4_BrzCstE,Water Withdrawal,Water Withdrawal|Irrigation,,1
SugarCrop,SugarCropC4_BrzCstN,Water Withdrawal,Water Withdrawal|Irrigation,,1
SugarCrop,SugarCropC4_BrzCstS,Water Withdrawal,Water Withdrawal|Irrigation,,1
SugarCrop,SugarCropC4_ParnaibaR,Water Withdrawal,Water Withdrawal|Irrigation,,1
SugarCrop,SugarCropC4_SaoFrancR,Water Withdrawal,Water Withdrawal|Irrigation,,1
SugarCrop,SugarCropC4_TocantinsR,Water Withdrawal,Water Withdrawal|Irrigation,,1
SugarCrop,SugarCropC4_Caribbean,Water Withdrawal,Water Withdrawal|Irrigation,,1
SugarCrop,SugarCropC4_CntAmer,Water Withdrawal,Water Withdrawal|Irrigation,,1
SugarCrop,SugarCropC4_ColEcuaCst,Water Withdrawal,Water Withdrawal|Irrigation,,1
SugarCrop,SugarCropC4_GrijUsuR,Water Withdrawal,Water Withdrawal|Irrigation,,1
SugarCrop,SugarCropC4_SAmerCstN,Water Withdrawal,Water Withdrawal|Irrigation,,1
SugarCrop,SugarCropC4_YucatanP,Water Withdrawal,Water Withdrawal|Irrigation,,1
SugarCrop,SugarCrop_AmuDaryaR,Water Withdrawal,Water Withdrawal|Irrigation,,1
SugarCrop,SugarCrop_BlackSeaS,Water Withdrawal,Water Withdrawal|Irrigation,,1
SugarCrop,SugarCrop_CaspianE,Water Withdrawal,Water Withdrawal|Irrigation,,1
SugarCrop,SugarCrop_CaspianNE,Water Withdrawal,Water Withdrawal|Irrigation,,1
SugarCrop,SugarCrop_CaspianSW,Water Withdrawal,Water Withdrawal|Irrigation,,1
SugarCrop,SugarCrop_Gobi,Water Withdrawal,Water Withdrawal|Irrigation,,1
SugarCrop,SugarCrop_LBalkash,Water Withdrawal,Water Withdrawal|Irrigation,,1
SugarCrop,SugarCrop_ObR,Water Withdrawal,Water Withdrawal|Irrigation,,1
SugarCrop,SugarCrop_SyrDaryaR,Water Withdrawal,Water Withdrawal|Irrigation,,1
SugarCrop,SugarCrop_UralR,Water Withdrawal,Water Withdrawal|Irrigation,,1
SugarCrop,SugarCrop_VolgaR,Water Withdrawal,Water Withdrawal|Irrigation,,1
SugarCrop,SugarCropC4_ChinaCst,Water Withdrawal,Water Withdrawal|Irrigation,,1
SugarCrop,SugarCropC4_Hainan,Water Withdrawal,Water Withdrawal|Irrigation,,1
SugarCrop,SugarCropC4_Hong,Water Withdrawal,Water Withdrawal|Irrigation,,1
SugarCrop,SugarCropC4_HuangHeR,Water Withdrawal,Water Withdrawal|Irrigation,,1
SugarCrop,SugarCropC4_IrrawaddyR,Water Withdrawal,Water Withdrawal|Irrigation,,1
SugarCrop,SugarCropC4_Mekong,Water Withdrawal,Water Withdrawal|Irrigation,,1
SugarCrop,SugarCropC4_SChinaSea,Water Withdrawal,Water Withdrawal|Irrigation,,1
SugarCrop,SugarCropC4_Salween,Water Withdrawal,Water Withdrawal|Irrigation,,1
SugarCrop,SugarCropC4_XunJiang,Water Withdrawal,Water Withdrawal|Irrigation,,1
SugarCrop,SugarCropC4_Yangtze,Water Withdrawal,Water Withdrawal|Irrigation,,1
SugarCrop,SugarCropC4_MagdalenaR,Water Withdrawal,Water Withdrawal|Irrigation,,1
SugarCrop,SugarCropC4_OrinocoR,Water Withdrawal,Water Withdrawal|Irrigation,,1
SugarCrop,SugarCrop_AdrBlkSea,Water Withdrawal,Water Withdrawal|Irrigation,,1
SugarCrop,SugarCrop_BalticSea,Water Withdrawal,Water Withdrawal|Irrigation,,1
SugarCrop,SugarCrop_DanubeR,Water Withdrawal,Water Withdrawal|Irrigation,,1
SugarCrop,SugarCrop_DaugavaR,Water Withdrawal,Water Withdrawal|Irrigation,,1
SugarCrop,SugarCrop_DnkGrmCst,Water Withdrawal,Water Withdrawal|Irrigation,,1
SugarCrop,SugarCrop_ElbeR,Water Withdrawal,Water Withdrawal|Irrigation,,1
SugarCrop,SugarCrop_NarvaR,Water Withdrawal,Water Withdrawal|Irrigation,,1
SugarCrop,SugarCrop_NemanR,Water Withdrawal,Water Withdrawal|Irrigation,,1
SugarCrop,SugarCrop_OderR,Water Withdrawal,Water Withdrawal|Irrigation,,1
SugarCrop,SugarCrop_PolandCst,Water Withdrawal,Water Withdrawal|Irrigation,,1
SugarCrop,SugarCrop_WislaR,Water Withdrawal,Water Withdrawal|Irrigation,,1
SugarCrop,SugarCropC4_DouroR,Water Withdrawal,Water Withdrawal|Irrigation,,1
SugarCrop,SugarCropC4_EbroR,Water Withdrawal,Water Withdrawal|Irrigation,,1
SugarCrop,SugarCropC4_FranceCstS,Water Withdrawal,Water Withdrawal|Irrigation,,1
SugarCrop,SugarCropC4_GuadalqR,Water Withdrawal,Water Withdrawal|Irrigation,,1
SugarCrop,SugarCropC4_GuadianaR,Water Withdrawal,Water Withdrawal|Irrigation,,1
SugarCrop,SugarCropC4_IberiaCst,Water Withdrawal,Water Withdrawal|Irrigation,,1
SugarCrop,SugarCropC4_MeditIsl,Water Withdrawal,Water Withdrawal|Irrigation,,1
SugarCrop,SugarCropC4_SpainCstSE,Water Withdrawal,Water Withdrawal|Irrigation,,1
SugarCrop,SugarCropC4_TagusR,Water Withdrawal,Water Withdrawal|Irrigation,,1
SugarCrop,SugarCrop_DouroR,Water Withdrawal,Water Withdrawal|Irrigation,,1
SugarCrop,SugarCrop_EbroR,Water Withdrawal,Water Withdrawal|Irrigation,,1
SugarCrop,SugarCrop_EmsWeserR,Water Withdrawal,Water Withdrawal|Irrigation,,1
SugarCrop,SugarCrop_EngWales,Water Withdrawal,Water Withdrawal|Irrigation,,1
SugarCrop,SugarCrop_Finland,Water Withdrawal,Water Withdrawal|Irrigation,,1
SugarCrop,SugarCrop_FranceCstS,Water Withdrawal,Water Withdrawal|Irrigation,,1
SugarCrop,SugarCrop_FranceCstW,Water Withdrawal,Water Withdrawal|Irrigation,,1
SugarCrop,SugarCrop_Gironde,Water Withdrawal,Water Withdrawal|Irrigation,,1
SugarCrop,SugarCrop_GuadalqR,Water Withdrawal,Water Withdrawal|Irrigation,,1
SugarCrop,SugarCrop_GuadianaR,Water Withdrawal,Water Withdrawal|Irrigation,,1
SugarCrop,SugarCrop_IberiaCst,Water Withdrawal,Water Withdrawal|Irrigation,,1
SugarCrop,SugarCrop_ItalyCstE,Water Withdrawal,Water Withdrawal|Irrigation,,1
SugarCrop,SugarCrop_ItalyCstW,Water Withdrawal,Water Withdrawal|Irrigation,,1
SugarCrop,SugarCrop_LoireR,Water Withdrawal,Water Withdrawal|Irrigation,,1
SugarCrop,SugarCrop_MeditIsl,Water Withdrawal,Water Withdrawal|Irrigation,,1
SugarCrop,SugarCrop_NevaR,Water Withdrawal,Water Withdrawal|Irrigation,,1
SugarCrop,SugarCrop_PoR,Water Withdrawal,Water Withdrawal|Irrigation,,1
SugarCrop,SugarCrop_RhineR,Water Withdrawal,Water Withdrawal|Irrigation,,1
SugarCrop,SugarCrop_RhoneR,Water Withdrawal,Water Withdrawal|Irrigation,,1
SugarCrop,SugarCrop_ScheldtR,Water Withdrawal,Water Withdrawal|Irrigation,,1
SugarCrop,SugarCrop_SeineR,Water Withdrawal,Water Withdrawal|Irrigation,,1
SugarCrop,SugarCrop_SpainCstSE,Water Withdrawal,Water Withdrawal|Irrigation,,1
SugarCrop,SugarCrop_Sweden,Water Withdrawal,Water Withdrawal|Irrigation,,1
SugarCrop,SugarCrop_TagusR,Water Withdrawal,Water Withdrawal|Irrigation,,1
SugarCrop,SugarCrop_TiberR,Water Withdrawal,Water Withdrawal|Irrigation,,1
SugarCrop,SugarCrop_BlackSeaN,Water Withdrawal,Water Withdrawal|Irrigation,,1
SugarCrop,SugarCrop_DnieperR,Water Withdrawal,Water Withdrawal|Irrigation,,1
SugarCrop,SugarCrop_DniesterR,Water Withdrawal,Water Withdrawal|Irrigation,,1
SugarCrop,SugarCrop_DonR,Water Withdrawal,Water Withdrawal|Irrigation,,1
SugarCrop,SugarCrop_EJrdnSyr,Water Withdrawal,Water Withdrawal|Irrigation,,1
SugarCrop,SugarCrop_TigrEuphR,Water Withdrawal,Water Withdrawal|Irrigation,,1
SugarCrop,SugarCropC4_BengalBay,Water Withdrawal,Water Withdrawal|Irrigation,,1
SugarCrop,SugarCropC4_BengalW,Water Withdrawal,Water Withdrawal|Irrigation,,1
SugarCrop,SugarCropC4_BrahmaniR,Water Withdrawal,Water Withdrawal|Irrigation,,1
SugarCrop,SugarCropC4_CauveryR,Water Withdrawal,Water Withdrawal|Irrigation,,1
SugarCrop,SugarCropC4_GangesR,Water Withdrawal,Water Withdrawal|Irrigation,,1
SugarCrop,SugarCropC4_GodavariR,Water Withdrawal,Water Withdrawal|Irrigation,,1
SugarCrop,SugarCropC4_IndCstE,Water Withdrawal,Water Withdrawal|Irrigation,,1
SugarCrop,SugarCropC4_IndCstNE,Water Withdrawal,Water Withdrawal|Irrigation,,1
SugarCrop,SugarCropC4_IndCstS,Water Withdrawal,Water Withdrawal|Irrigation,,1
SugarCrop,SugarCropC4_IndCstW,Water Withdrawal,Water Withdrawal|Irrigation,,1
SugarCrop,SugarCropC4_IndusR,Water Withdrawal,Water Withdrawal|Irrigation,,1
SugarCrop,SugarCropC4_KrishnaR,Water Withdrawal,Water Withdrawal|Irrigation,,1
SugarCrop,SugarCropC4_MahanadiR,Water Withdrawal,Water Withdrawal|Irrigation,,1
SugarCrop,SugarCropC4_MahiR,Water Withdrawal,Water Withdrawal|Irrigation,,1
SugarCrop,SugarCropC4_NarmadaR,Water Withdrawal,Water Withdrawal|Irrigation,,1
SugarCrop,SugarCropC4_PennarR,Water Withdrawal,Water Withdrawal|Irrigation,,1
SugarCrop,SugarCropC4_SabarmatiR,Water Withdrawal,Water Withdrawal|Irrigation,,1
SugarCrop,SugarCropC4_TaptiR,Water Withdrawal,Water Withdrawal|Irrigation,,1
SugarCrop,SugarCropC4_BorneoCstN,Water Withdrawal,Water Withdrawal|Irrigation,,1
SugarCrop,SugarCropC4_IdnE,Water Withdrawal,Water Withdrawal|Irrigation,,1
SugarCrop,SugarCropC4_IrianJaya,Water Withdrawal,Water Withdrawal|Irrigation,,1
SugarCrop,SugarCropC4_JavaTimor,Water Withdrawal,Water Withdrawal|Irrigation,,1
SugarCrop,SugarCropC4_Kalimantan,Water Withdrawal,Water Withdrawal|Irrigation,,1
SugarCrop,SugarCropC4_Sulawesi,Water Withdrawal,Water Withdrawal|Irrigation,,1
SugarCrop,SugarCropC4_Sumatra,Water Withdrawal,Water Withdrawal|Irrigation,,1
SugarCrop,SugarCropC4_Japan,Water Withdrawal,Water Withdrawal|Irrigation,,1
SugarCrop,SugarCropC4_Taiwan,Water Withdrawal,Water Withdrawal|Irrigation,,1
SugarCrop,SugarCrop_Japan,Water Withdrawal,Water Withdrawal|Irrigation,,1
SugarCrop,SugarCrop_Taiwan,Water Withdrawal,Water Withdrawal|Irrigation,,1
SugarCrop,SugarCropC4_MexCstNW,Water Withdrawal,Water Withdrawal|Irrigation,,1
SugarCrop,SugarCropC4_MexCstW,Water Withdrawal,Water Withdrawal|Irrigation,,1
SugarCrop,SugarCropC4_MexGulf,Water Withdrawal,Water Withdrawal|Irrigation,,1
SugarCrop,SugarCropC4_MexInt,Water Withdrawal,Water Withdrawal|Irrigation,,1
SugarCrop,SugarCropC4_Papaloapan,Water Withdrawal,Water Withdrawal|Irrigation,,1
SugarCrop,SugarCropC4_RioBalsas,Water Withdrawal,Water Withdrawal|Irrigation,,1
SugarCrop,SugarCropC4_RioGrande,Water Withdrawal,Water Withdrawal|Irrigation,,1
SugarCrop,SugarCropC4_RioLerma,Water Withdrawal,Water Withdrawal|Irrigation,,1
SugarCrop,SugarCropC4_RioVerde,Water Withdrawal,Water Withdrawal|Irrigation,,1
SugarCrop,SugarCropC4_Tehuantpc,Water Withdrawal,Water Withdrawal|Irrigation,,1
SugarCrop,SugarCrop_DeadSea,Water Withdrawal,Water Withdrawal|Irrigation,,1
SugarCrop,SugarCrop_FarahrudR,Water Withdrawal,Water Withdrawal|Irrigation,,1
SugarCrop,SugarCrop_Iran,Water Withdrawal,Water Withdrawal|Irrigation,,1
SugarCrop,SugarCrop_PersianGulf,Water Withdrawal,Water Withdrawal|Irrigation,,1
SugarCrop,SugarCropC4_ArabianSea,Water Withdrawal,Water Withdrawal|Irrigation,,1
SugarCrop,SugarCropC4_AfrCstSSW,Water Withdrawal,Water Withdrawal|Irrigation,,1
SugarCrop,SugarCropC4_OrangeR,Water Withdrawal,Water Withdrawal|Irrigation,,1
SugarCrop,SugarCropC4_SAmerCstNE,Water Withdrawal,Water Withdrawal|Irrigation,,1
SugarCrop,SugarCropC4_LaPuna,Water Withdrawal,Water Withdrawal|Irrigation,,1
SugarCrop,SugarCropC4_PeruCst,Water Withdrawal,Water Withdrawal|Irrigation,,1
SugarCrop,SugarCrop_ChileCstN,Water Withdrawal,Water Withdrawal|Irrigation,,1
SugarCrop,SugarCrop_ChileCstS,Water Withdrawal,Water Withdrawal|Irrigation,,1
SugarCrop,SugarCropC4_SriLanka,Water Withdrawal,Water Withdrawal|Irrigation,,1
SugarCrop,SugarCropC4_ChaoPhrR,Water Withdrawal,Water Withdrawal|Irrigation,,1
SugarCrop,SugarCropC4_MalaysiaP,Water Withdrawal,Water Withdrawal|Irrigation,,1
SugarCrop,SugarCropC4_Phlppns,Water Withdrawal,Water Withdrawal|Irrigation,,1
SugarCrop,SugarCropC4_SittaungR,Water Withdrawal,Water Withdrawal|Irrigation,,1
SugarCrop,SugarCropC4_ThaiGulf,Water Withdrawal,Water Withdrawal|Irrigation,,1
SugarCrop,SugarCropC4_VietnamCst,Water Withdrawal,Water Withdrawal|Irrigation,,1
SugarCrop,SugarCropC4_MissppRS,Water Withdrawal,Water Withdrawal|Irrigation,,1
SugarCrop,SugarCropC4_TexasCst,Water Withdrawal,Water Withdrawal|Irrigation,,1
SugarCrop,SugarCropC4_UsaCstSE,Water Withdrawal,Water Withdrawal|Irrigation,,1
SugarCrop,SugarCrop_California,Water Withdrawal,Water Withdrawal|Irrigation,,1
SugarCrop,SugarCrop_GreatBasin,Water Withdrawal,Water Withdrawal|Irrigation,,1
SugarCrop,SugarCrop_MissouriR,Water Withdrawal,Water Withdrawal|Irrigation,,1
SugarCrop,SugarCrop_MissppRN,Water Withdrawal,Water Withdrawal|Irrigation,,1
SugarCrop,SugarCrop_NelsonR,Water Withdrawal,Water Withdrawal|Irrigation,,1
SugarCrop,SugarCrop_UsaColoRN,Water Withdrawal,Water Withdrawal|Irrigation,,1
SugarCrop,SugarCrop_UsaColoRS,Water Withdrawal,Water Withdrawal|Irrigation,,1
SugarCrop,SugarCrop_UsaPacNW,Water Withdrawal,Water Withdrawal|Irrigation,,1
Vegetables,Vegetables_AfrCstE,Water Withdrawal,Water Withdrawal|Irrigation,,1
Vegetables,Vegetables_AfrCstNE,Water Withdrawal,Water Withdrawal|Irrigation,,1
Vegetables,Vegetables_CongoR,Water Withdrawal,Water Withdrawal|Irrigation,,1
Vegetables,Vegetables_LChad,Water Withdrawal,Water Withdrawal|Irrigation,,1
Vegetables,Vegetables_Madagascar,Water Withdrawal,Water Withdrawal|Irrigation,,1
Vegetables,Vegetables_NileR,Water Withdrawal,Water Withdrawal|Irrigation,,1
Vegetables,Vegetables_RiftValley,Water Withdrawal,Water Withdrawal|Irrigation,,1
Vegetables,Vegetables_ShebJubR,Water Withdrawal,Water Withdrawal|Irrigation,,1
Vegetables,Vegetables_AfrCstNW,Water Withdrawal,Water Withdrawal|Irrigation,,1
Vegetables,Vegetables_AfrIntN,Water Withdrawal,Water Withdrawal|Irrigation,,1
Vegetables,Vegetables_MeditE,Water Withdrawal,Water Withdrawal|Irrigation,,1
Vegetables,Vegetables_MeditS,Water Withdrawal,Water Withdrawal|Irrigation,,1
Vegetables,Vegetables_SinaiP,Water Withdrawal,Water Withdrawal|Irrigation,,1
Vegetables,Vegetables_AfrCstS,Water Withdrawal,Water Withdrawal|Irrigation,,1
Vegetables,Vegetables_AfrCstSE,Water Withdrawal,Water Withdrawal|Irrigation,,1
Vegetables,Vegetables_AfrCstSW,Water Withdrawal,Water Withdrawal|Irrigation,,1
Vegetables,Vegetables_AfrIntS,Water Withdrawal,Water Withdrawal|Irrigation,,1
Vegetables,Vegetables_AngolaCst,Water Withdrawal,Water Withdrawal|Irrigation,,1
Vegetables,Vegetables_LimpopoR,Water Withdrawal,Water Withdrawal|Irrigation,,1
Vegetables,Vegetables_OrangeR,Water Withdrawal,Water Withdrawal|Irrigation,,1
Vegetables,Vegetables_ZambeziR,Water Withdrawal,Water Withdrawal|Irrigation,,1
Vegetables,Vegetables_AfrCstW,Water Withdrawal,Water Withdrawal|Irrigation,,1
Vegetables,Vegetables_GuineaGulf,Water Withdrawal,Water Withdrawal|Irrigation,,1
Vegetables,Vegetables_NigerR,Water Withdrawal,Water Withdrawal|Irrigation,,1
Vegetables,Vegetables_SenegalR,Water Withdrawal,Water Withdrawal|Irrigation,,1
Vegetables,Vegetables_VoltaR,Water Withdrawal,Water Withdrawal|Irrigation,,1
Vegetables,Vegetables_ArgColoR,Water Withdrawal,Water Withdrawal|Irrigation,,1
Vegetables,Vegetables_ArgCstN,Water Withdrawal,Water Withdrawal|Irrigation,,1
Vegetables,Vegetables_ArgCstS,Water Withdrawal,Water Withdrawal|Irrigation,,1
Vegetables,Vegetables_ChileCstS,Water Withdrawal,Water Withdrawal|Irrigation,,1
Vegetables,Vegetables_LaPuna,Water Withdrawal,Water Withdrawal|Irrigation,,1
Vegetables,Vegetables_MarChiq,Water Withdrawal,Water Withdrawal|Irrigation,,1
Vegetables,Vegetables_NegroR,Water Withdrawal,Water Withdrawal|Irrigation,,1
Vegetables,Vegetables_Pampas,Water Withdrawal,Water Withdrawal|Irrigation,,1
Vegetables,Vegetables_Patagonia,Water Withdrawal,Water Withdrawal|Irrigation,,1
Vegetables,Vegetables_RioLaPlata,Water Withdrawal,Water Withdrawal|Irrigation,,1
Vegetables,Vegetables_Salinas,Water Withdrawal,Water Withdrawal|Irrigation,,1
Vegetables,Vegetables_AusCstE,Water Withdrawal,Water Withdrawal|Irrigation,,1
Vegetables,Vegetables_AusCstS,Water Withdrawal,Water Withdrawal|Irrigation,,1
Vegetables,Vegetables_AusCstW,Water Withdrawal,Water Withdrawal|Irrigation,,1
Vegetables,Vegetables_MurrayDrlg,Water Withdrawal,Water Withdrawal|Irrigation,,1
Vegetables,Vegetables_NewZealand,Water Withdrawal,Water Withdrawal|Irrigation,,1
Vegetables,Vegetables_Tasmania,Water Withdrawal,Water Withdrawal|Irrigation,,1
Vegetables,Vegetables_AmazonR,Water Withdrawal,Water Withdrawal|Irrigation,,1
Vegetables,Vegetables_BrzCstE,Water Withdrawal,Water Withdrawal|Irrigation,,1
Vegetables,Vegetables_BrzCstN,Water Withdrawal,Water Withdrawal|Irrigation,,1
Vegetables,Vegetables_BrzCstS,Water Withdrawal,Water Withdrawal|Irrigation,,1
Vegetables,Vegetables_ParnaibaR,Water Withdrawal,Water Withdrawal|Irrigation,,1
Vegetables,Vegetables_SaoFrancR,Water Withdrawal,Water Withdrawal|Irrigation,,1
Vegetables,Vegetables_TocantinsR,Water Withdrawal,Water Withdrawal|Irrigation,,1
Vegetables,Vegetables_FraserR,Water Withdrawal,Water Withdrawal|Irrigation,,1
Vegetables,Vegetables_GreatLakes,Water Withdrawal,Water Withdrawal|Irrigation,,1
Vegetables,Vegetables_MissouriR,Water Withdrawal,Water Withdrawal|Irrigation,,1
Vegetables,Vegetables_NelsonR,Water Withdrawal,Water Withdrawal|Irrigation,,1
Vegetables,Vegetables_PacArctic,Water Withdrawal,Water Withdrawal|Irrigation,,1
Vegetables,Vegetables_StLwrncR,Water Withdrawal,Water Withdrawal|Irrigation,,1
Vegetables,Vegetables_UsaPacNW,Water Withdrawal,Water Withdrawal|Irrigation,,1
Vegetables,Vegetables_Caribbean,Water Withdrawal,Water Withdrawal|Irrigation,,1
Vegetables,Vegetables_CntAmer,Water Withdrawal,Water Withdrawal|Irrigation,,1
Vegetables,Vegetables_GrijUsuR,Water Withdrawal,Water Withdrawal|Irrigation,,1
Vegetables,Vegetables_SAmerCstN,Water Withdrawal,Water Withdrawal|Irrigation,,1
Vegetables,Vegetables_YucatanP,Water Withdrawal,Water Withdrawal|Irrigation,,1
Vegetables,Vegetables_AmuDaryaR,Water Withdrawal,Water Withdrawal|Irrigation,,1
Vegetables,Vegetables_AmurR,Water Withdrawal,Water Withdrawal|Irrigation,,1
Vegetables,Vegetables_BlackSeaS,Water Withdrawal,Water Withdrawal|Irrigation,,1
Vegetables,Vegetables_CaspianE,Water Withdrawal,Water Withdrawal|Irrigation,,1
Vegetables,Vegetables_CaspianNE,Water Withdrawal,Water Withdrawal|Irrigation,,1
Vegetables,Vegetables_CaspianSW,Water Withdrawal,Water Withdrawal|Irrigation,,1
Vegetables,Vegetables_Gobi,Water Withdrawal,Water Withdrawal|Irrigation,,1
Vegetables,Vegetables_LBalkash,Water Withdrawal,Water Withdrawal|Irrigation,,1
Vegetables,Vegetables_ObR,Water Withdrawal,Water Withdrawal|Irrigation,,1
Vegetables,Vegetables_SyrDaryaR,Water Withdrawal,Water Withdrawal|Irrigation,,1
Vegetables,Vegetables_UralR,Water Withdrawal,Water Withdrawal|Irrigation,,1
Vegetables,Vegetables_VolgaR,Water Withdrawal,Water Withdrawal|Irrigation,,1
Vegetables,Vegetables_YeniseiR,Water Withdrawal,Water Withdrawal|Irrigation,,1
Vegetables,Vegetables_BoHai,Water Withdrawal,Water Withdrawal|Irrigation,,1
Vegetables,Vegetables_ChinaCst,Water Withdrawal,Water Withdrawal|Irrigation,,1
Vegetables,Vegetables_GangesR,Water Withdrawal,Water Withdrawal|Irrigation,,1
Vegetables,Vegetables_Hainan,Water Withdrawal,Water Withdrawal|Irrigation,,1
Vegetables,Vegetables_Hong,Water Withdrawal,Water Withdrawal|Irrigation,,1
Vegetables,Vegetables_HuangHeR,Water Withdrawal,Water Withdrawal|Irrigation,,1
Vegetables,Vegetables_IndusR,Water Withdrawal,Water Withdrawal|Irrigation,,1
Vegetables,Vegetables_IrrawaddyR,Water Withdrawal,Water Withdrawal|Irrigation,,1
Vegetables,Vegetables_Mekong,Water Withdrawal,Water Withdrawal|Irrigation,,1
Vegetables,Vegetables_RusCstSE,Water Withdrawal,Water Withdrawal|Irrigation,,1
Vegetables,Vegetables_SChinaSea,Water Withdrawal,Water Withdrawal|Irrigation,,1
Vegetables,Vegetables_Salween,Water Withdrawal,Water Withdrawal|Irrigation,,1
Vegetables,Vegetables_Tarim,Water Withdrawal,Water Withdrawal|Irrigation,,1
Vegetables,Vegetables_XunJiang,Water Withdrawal,Water Withdrawal|Irrigation,,1
Vegetables,Vegetables_Yangtze,Water Withdrawal,Water Withdrawal|Irrigation,,1
Vegetables,Vegetables_ZiyaHe,Water Withdrawal,Water Withdrawal|Irrigation,,1
Vegetables,Vegetables_ColEcuaCst,Water Withdrawal,Water Withdrawal|Irrigation,,1
Vegetables,Vegetables_MagdalenaR,Water Withdrawal,Water Withdrawal|Irrigation,,1
Vegetables,Vegetables_OrinocoR,Water Withdrawal,Water Withdrawal|Irrigation,,1
Vegetables,Vegetables_AdrBlkSea,Water Withdrawal,Water Withdrawal|Irrigation,,1
Vegetables,Vegetables_BalticSea,Water Withdrawal,Water Withdrawal|Irrigation,,1
Vegetables,Vegetables_DanubeR,Water Withdrawal,Water Withdrawal|Irrigation,,1
Vegetables,Vegetables_DaugavaR,Water Withdrawal,Water Withdrawal|Irrigation,,1
Vegetables,Vegetables_DnkGrmCst,Water Withdrawal,Water Withdrawal|Irrigation,,1
Vegetables,Vegetables_ElbeR,Water Withdrawal,Water Withdrawal|Irrigation,,1
Vegetables,Vegetables_NarvaR,Water Withdrawal,Water Withdrawal|Irrigation,,1
Vegetables,Vegetables_NemanR,Water Withdrawal,Water Withdrawal|Irrigation,,1
Vegetables,Vegetables_OderR,Water Withdrawal,Water Withdrawal|Irrigation,,1
Vegetables,Vegetables_PolandCst,Water Withdrawal,Water Withdrawal|Irrigation,,1
Vegetables,Vegetables_WislaR,Water Withdrawal,Water Withdrawal|Irrigation,,1
Vegetables,Vegetables_DouroR,Water Withdrawal,Water Withdrawal|Irrigation,,1
Vegetables,Vegetables_EbroR,Water Withdrawal,Water Withdrawal|Irrigation,,1
Vegetables,Vegetables_EmsWeserR,Water Withdrawal,Water Withdrawal|Irrigation,,1
Vegetables,Vegetables_EngWales,Water Withdrawal,Water Withdrawal|Irrigation,,1
Vegetables,Vegetables_Finland,Water Withdrawal,Water Withdrawal|Irrigation,,1
Vegetables,Vegetables_FranceCstS,Water Withdrawal,Water Withdrawal|Irrigation,,1
Vegetables,Vegetables_FranceCstW,Water Withdrawal,Water Withdrawal|Irrigation,,1
Vegetables,Vegetables_Gironde,Water Withdrawal,Water Withdrawal|Irrigation,,1
Vegetables,Vegetables_GuadalqR,Water Withdrawal,Water Withdrawal|Irrigation,,1
Vegetables,Vegetables_GuadianaR,Water Withdrawal,Water Withdrawal|Irrigation,,1
Vegetables,Vegetables_IberiaCst,Water Withdrawal,Water Withdrawal|Irrigation,,1
Vegetables,Vegetables_Ireland,Water Withdrawal,Water Withdrawal|Irrigation,,1
Vegetables,Vegetables_ItalyCstE,Water Withdrawal,Water Withdrawal|Irrigation,,1
Vegetables,Vegetables_ItalyCstW,Water Withdrawal,Water Withdrawal|Irrigation,,1
Vegetables,Vegetables_LoireR,Water Withdrawal,Water Withdrawal|Irrigation,,1
Vegetables,Vegetables_MeditIsl,Water Withdrawal,Water Withdrawal|Irrigation,,1
Vegetables,Vegetables_NevaR,Water Withdrawal,Water Withdrawal|Irrigation,,1
Vegetables,Vegetables_PoR,Water Withdrawal,Water Withdrawal|Irrigation,,1
Vegetables,Vegetables_RhineR,Water Withdrawal,Water Withdrawal|Irrigation,,1
Vegetables,Vegetables_RhoneR,Water Withdrawal,Water Withdrawal|Irrigation,,1
Vegetables,Vegetables_ScheldtR,Water Withdrawal,Water Withdrawal|Irrigation,,1
Vegetables,Vegetables_Scotland,Water Withdrawal,Water Withdrawal|Irrigation,,1
Vegetables,Vegetables_SeineR,Water Withdrawal,Water Withdrawal|Irrigation,,1
Vegetables,Vegetables_SpainCstSE,Water Withdrawal,Water Withdrawal|Irrigation,,1
Vegetables,Vegetables_Sweden,Water Withdrawal,Water Withdrawal|Irrigation,,1
Vegetables,Vegetables_TagusR,Water Withdrawal,Water Withdrawal|Irrigation,,1
Vegetables,Vegetables_TiberR,Water Withdrawal,Water Withdrawal|Irrigation,,1
Vegetables,Vegetables_BlackSeaN,Water Withdrawal,Water Withdrawal|Irrigation,,1
Vegetables,Vegetables_DnieperR,Water Withdrawal,Water Withdrawal|Irrigation,,1
Vegetables,Vegetables_DniesterR,Water Withdrawal,Water Withdrawal|Irrigation,,1
Vegetables,Vegetables_DonR,Water Withdrawal,Water Withdrawal|Irrigation,,1
Vegetables,Vegetables_EJrdnSyr,Water Withdrawal,Water Withdrawal|Irrigation,,1
Vegetables,Vegetables_TigrEuphR,Water Withdrawal,Water Withdrawal|Irrigation,,1
Vegetables,Vegetables_ScndnvN,Water Withdrawal,Water Withdrawal|Irrigation,,1
Vegetables,Vegetables_BengalW,Water Withdrawal,Water Withdrawal|Irrigation,,1
Vegetables,Vegetables_BrahmaniR,Water Withdrawal,Water Withdrawal|Irrigation,,1
Vegetables,Vegetables_CauveryR,Water Withdrawal,Water Withdrawal|Irrigation,,1
Vegetables,Vegetables_GodavariR,Water Withdrawal,Water Withdrawal|Irrigation,,1
Vegetables,Vegetables_IndCstE,Water Withdrawal,Water Withdrawal|Irrigation,,1
Vegetables,Vegetables_IndCstNE,Water Withdrawal,Water Withdrawal|Irrigation,,1
Vegetables,Vegetables_IndCstS,Water Withdrawal,Water Withdrawal|Irrigation,,1
Vegetables,Vegetables_IndCstW,Water Withdrawal,Water Withdrawal|Irrigation,,1
Vegetables,Vegetables_KrishnaR,Water Withdrawal,Water Withdrawal|Irrigation,,1
Vegetables,Vegetables_MahanadiR,Water Withdrawal,Water Withdrawal|Irrigation,,1
Vegetables,Vegetables_MahiR,Water Withdrawal,Water Withdrawal|Irrigation,,1
Vegetables,Vegetables_NarmadaR,Water Withdrawal,Water Withdrawal|Irrigation,,1
Vegetables,Vegetables_PennarR,Water Withdrawal,Water Withdrawal|Irrigation,,1
Vegetables,Vegetables_SabarmatiR,Water Withdrawal,Water Withdrawal|Irrigation,,1
Vegetables,Vegetables_TaptiR,Water Withdrawal,Water Withdrawal|Irrigation,,1
Vegetables,Vegetables_BorneoCstN,Water Withdrawal,Water Withdrawal|Irrigation,,1
Vegetables,Vegetables_IdnE,Water Withdrawal,Water Withdrawal|Irrigation,,1
Vegetables,Vegetables_IrianJaya,Water Withdrawal,Water Withdrawal|Irrigation,,1
Vegetables,Vegetables_JavaTimor,Water Withdrawal,Water Withdrawal|Irrigation,,1
Vegetables,Vegetables_Kalimantan,Water Withdrawal,Water Withdrawal|Irrigation,,1
Vegetables,Vegetables_Sulawesi,Water Withdrawal,Water Withdrawal|Irrigation,,1
Vegetables,Vegetables_Sumatra,Water Withdrawal,Water Withdrawal|Irrigation,,1
Vegetables,Vegetables_Japan,Water Withdrawal,Water Withdrawal|Irrigation,,1
Vegetables,Vegetables_California,Water Withdrawal,Water Withdrawal|Irrigation,,1
Vegetables,Vegetables_MexBaja,Water Withdrawal,Water Withdrawal|Irrigation,,1
Vegetables,Vegetables_MexCstNW,Water Withdrawal,Water Withdrawal|Irrigation,,1
Vegetables,Vegetables_MexCstW,Water Withdrawal,Water Withdrawal|Irrigation,,1
Vegetables,Vegetables_MexGulf,Water Withdrawal,Water Withdrawal|Irrigation,,1
Vegetables,Vegetables_MexInt,Water Withdrawal,Water Withdrawal|Irrigation,,1
Vegetables,Vegetables_Papaloapan,Water Withdrawal,Water Withdrawal|Irrigation,,1
Vegetables,Vegetables_RioBalsas,Water Withdrawal,Water Withdrawal|Irrigation,,1
Vegetables,Vegetables_RioGrande,Water Withdrawal,Water Withdrawal|Irrigation,,1
Vegetables,Vegetables_RioLerma,Water Withdrawal,Water Withdrawal|Irrigation,,1
Vegetables,Vegetables_RioVerde,Water Withdrawal,Water Withdrawal|Irrigation,,1
Vegetables,Vegetables_Tehuantpc,Water Withdrawal,Water Withdrawal|Irrigation,,1
Vegetables,Vegetables_UsaColoRS,Water Withdrawal,Water Withdrawal|Irrigation,,1
Vegetables,Vegetables_ArabianP,Water Withdrawal,Water Withdrawal|Irrigation,,1
Vegetables,Vegetables_ArabianSea,Water Withdrawal,Water Withdrawal|Irrigation,,1
Vegetables,Vegetables_DeadSea,Water Withdrawal,Water Withdrawal|Irrigation,,1
Vegetables,Vegetables_FarahrudR,Water Withdrawal,Water Withdrawal|Irrigation,,1
Vegetables,Vegetables_HamuMashR,Water Withdrawal,Water Withdrawal|Irrigation,,1
Vegetables,Vegetables_Helmand,Water Withdrawal,Water Withdrawal|Irrigation,,1
Vegetables,Vegetables_Iran,Water Withdrawal,Water Withdrawal|Irrigation,,1
Vegetables,Vegetables_PersianGulf,Water Withdrawal,Water Withdrawal|Irrigation,,1
Vegetables,Vegetables_RedSeaE,Water Withdrawal,Water Withdrawal|Irrigation,,1
Vegetables,Vegetables_BarentsSea,Water Withdrawal,Water Withdrawal|Irrigation,,1
Vegetables,Vegetables_DvinaRN,Water Withdrawal,Water Withdrawal|Irrigation,,1
Vegetables,Vegetables_LenaR,Water Withdrawal,Water Withdrawal|Irrigation,,1
Vegetables,Vegetables_SiberiaW,Water Withdrawal,Water Withdrawal|Irrigation,,1
Vegetables,Vegetables_AfrCstSSW,Water Withdrawal,Water Withdrawal|Irrigation,,1
Vegetables,Vegetables_SAmerCstNE,Water Withdrawal,Water Withdrawal|Irrigation,,1
Vegetables,Vegetables_ChileCstN,Water Withdrawal,Water Withdrawal|Irrigation,,1
Vegetables,Vegetables_PeruCst,Water Withdrawal,Water Withdrawal|Irrigation,,1
Vegetables,Vegetables_BengalBay,Water Withdrawal,Water Withdrawal|Irrigation,,1
Vegetables,Vegetables_SriLanka,Water Withdrawal,Water Withdrawal|Irrigation,,1
Vegetables,Vegetables_Korea,Water Withdrawal,Water Withdrawal|Irrigation,,1
Vegetables,Vegetables_ChaoPhrR,Water Withdrawal,Water Withdrawal|Irrigation,,1
Vegetables,Vegetables_MalaysiaP,Water Withdrawal,Water Withdrawal|Irrigation,,1
Vegetables,Vegetables_Phlppns,Water Withdrawal,Water Withdrawal|Irrigation,,1
Vegetables,Vegetables_SittaungR,Water Withdrawal,Water Withdrawal|Irrigation,,1
Vegetables,Vegetables_ThaiGulf,Water Withdrawal,Water Withdrawal|Irrigation,,1
Vegetables,Vegetables_VietnamCst,Water Withdrawal,Water Withdrawal|Irrigation,,1
Vegetables,Vegetables_ArkWhtRedR,Water Withdrawal,Water Withdrawal|Irrigation,,1
Vegetables,Vegetables_GreatBasin,Water Withdrawal,Water Withdrawal|Irrigation,,1
Vegetables,Vegetables_MissppRN,Water Withdrawal,Water Withdrawal|Irrigation,,1
Vegetables,Vegetables_MissppRS,Water Withdrawal,Water Withdrawal|Irrigation,,1
Vegetables,Vegetables_OhioR,Water Withdrawal,Water Withdrawal|Irrigation,,1
Vegetables,Vegetables_TennR,Water Withdrawal,Water Withdrawal|Irrigation,,1
Vegetables,Vegetables_TexasCst,Water Withdrawal,Water Withdrawal|Irrigation,,1
Vegetables,Vegetables_UsaColoRN,Water Withdrawal,Water Withdrawal|Irrigation,,1
Vegetables,Vegetables_UsaCstE,Water Withdrawal,Water Withdrawal|Irrigation,,1
Vegetables,Vegetables_UsaCstNE,Water Withdrawal,Water Withdrawal|Irrigation,,1
Vegetables,Vegetables_UsaCstSE,Water Withdrawal,Water Withdrawal|Irrigation,,1
Wheat,Wheat_AfrCstNE,Water Withdrawal,Water Withdrawal|Irrigation,,1
Wheat,Wheat_NileR,Water Withdrawal,Water Withdrawal|Irrigation,,1
Wheat,Wheat_RiftValley,Water Withdrawal,Water Withdrawal|Irrigation,,1
Wheat,Wheat_ShebJubR,Water Withdrawal,Water Withdrawal|Irrigation,,1
Wheat,Wheat_AfrCstNW,Water Withdrawal,Water Withdrawal|Irrigation,,1
Wheat,Wheat_AfrIntN,Water Withdrawal,Water Withdrawal|Irrigation,,1
Wheat,Wheat_MeditE,Water Withdrawal,Water Withdrawal|Irrigation,,1
Wheat,Wheat_MeditS,Water Withdrawal,Water Withdrawal|Irrigation,,1
Wheat,Wheat_SinaiP,Water Withdrawal,Water Withdrawal|Irrigation,,1
Wheat,Wheat_AfrCstSE,Water Withdrawal,Water Withdrawal|Irrigation,,1
Wheat,Wheat_AfrCstSW,Water Withdrawal,Water Withdrawal|Irrigation,,1
Wheat,Wheat_AfrIntS,Water Withdrawal,Water Withdrawal|Irrigation,,1
Wheat,Wheat_LimpopoR,Water Withdrawal,Water Withdrawal|Irrigation,,1
Wheat,Wheat_OrangeR,Water Withdrawal,Water Withdrawal|Irrigation,,1
Wheat,Wheat_ZambeziR,Water Withdrawal,Water Withdrawal|Irrigation,,1
Wheat,Wheat_LChad,Water Withdrawal,Water Withdrawal|Irrigation,,1
Wheat,Wheat_NigerR,Water Withdrawal,Water Withdrawal|Irrigation,,1
Wheat,Wheat_ArgColoR,Water Withdrawal,Water Withdrawal|Irrigation,,1
Wheat,Wheat_ArgCstN,Water Withdrawal,Water Withdrawal|Irrigation,,1
Wheat,Wheat_MarChiq,Water Withdrawal,Water Withdrawal|Irrigation,,1
Wheat,Wheat_NegroR,Water Withdrawal,Water Withdrawal|Irrigation,,1
Wheat,Wheat_Pampas,Water Withdrawal,Water Withdrawal|Irrigation,,1
Wheat,Wheat_RioLaPlata,Water Withdrawal,Water Withdrawal|Irrigation,,1
Wheat,Wheat_Salinas,Water Withdrawal,Water Withdrawal|Irrigation,,1
Wheat,Wheat_AusCstE,Water Withdrawal,Water Withdrawal|Irrigation,,1
Wheat,Wheat_AusCstS,Water Withdrawal,Water Withdrawal|Irrigation,,1
Wheat,Wheat_AusCstW,Water Withdrawal,Water Withdrawal|Irrigation,,1
Wheat,Wheat_AusInt,Water Withdrawal,Water Withdrawal|Irrigation,,1
Wheat,Wheat_MurrayDrlg,Water Withdrawal,Water Withdrawal|Irrigation,,1
Wheat,Wheat_Tasmania,Water Withdrawal,Water Withdrawal|Irrigation,,1
Wheat,Wheat_BrzCstS,Water Withdrawal,Water Withdrawal|Irrigation,,1
Wheat,Wheat_SaoFrancR,Water Withdrawal,Water Withdrawal|Irrigation,,1
Wheat,Wheat_TocantinsR,Water Withdrawal,Water Withdrawal|Irrigation,,1
Wheat,Wheat_CanAtl,Water Withdrawal,Water Withdrawal|Irrigation,,1
Wheat,Wheat_FraserR,Water Withdrawal,Water Withdrawal|Irrigation,,1
Wheat,Wheat_GreatLakes,Water Withdrawal,Water Withdrawal|Irrigation,,1
Wheat,Wheat_Mackenzie,Water Withdrawal,Water Withdrawal|Irrigation,,1
Wheat,Wheat_MissouriR,Water Withdrawal,Water Withdrawal|Irrigation,,1
Wheat,Wheat_NWTerr,Water Withdrawal,Water Withdrawal|Irrigation,,1
Wheat,Wheat_NelsonR,Water Withdrawal,Water Withdrawal|Irrigation,,1
Wheat,Wheat_StLwrncR,Water Withdrawal,Water Withdrawal|Irrigation,,1
Wheat,Wheat_UsaCstNE,Water Withdrawal,Water Withdrawal|Irrigation,,1
Wheat,Wheat_UsaPacNW,Water Withdrawal,Water Withdrawal|Irrigation,,1
Wheat,Wheat_AmuDaryaR,Water Withdrawal,Water Withdrawal|Irrigation,,1
Wheat,Wheat_BlackSeaS,Water Withdrawal,Water Withdrawal|Irrigation,,1
Wheat,Wheat_CaspianE,Water Withdrawal,Water Withdrawal|Irrigation,,1
Wheat,Wheat_CaspianNE,Water Withdrawal,Water Withdrawal|Irrigation,,1
Wheat,Wheat_CaspianSW,Water Withdrawal,Water Withdrawal|Irrigation,,1
Wheat,Wheat_Gobi,Water Withdrawal,Water Withdrawal|Irrigation,,1
Wheat,Wheat_LBalkash,Water Withdrawal,Water Withdrawal|Irrigation,,1
Wheat,Wheat_ObR,Water Withdrawal,Water Withdrawal|Irrigation,,1
Wheat,Wheat_SyrDaryaR,Water Withdrawal,Water Withdrawal|Irrigation,,1
Wheat,Wheat_UralR,Water Withdrawal,Water Withdrawal|Irrigation,,1
Wheat,Wheat_VolgaR,Water Withdrawal,Water Withdrawal|Irrigation,,1
Wheat,Wheat_AmurR,Water Withdrawal,Water Withdrawal|Irrigation,,1
Wheat,Wheat_BoHai,Water Withdrawal,Water Withdrawal|Irrigation,,1
Wheat,Wheat_ChinaCst,Water Withdrawal,Water Withdrawal|Irrigation,,1
Wheat,Wheat_GangesR,Water Withdrawal,Water Withdrawal|Irrigation,,1
Wheat,Wheat_Hong,Water Withdrawal,Water Withdrawal|Irrigation,,1
Wheat,Wheat_HuangHeR,Water Withdrawal,Water Withdrawal|Irrigation,,1
Wheat,Wheat_IrrawaddyR,Water Withdrawal,Water Withdrawal|Irrigation,,1
Wheat,Wheat_Mekong,Water Withdrawal,Water Withdrawal|Irrigation,,1
Wheat,Wheat_RusCstSE,Water Withdrawal,Water Withdrawal|Irrigation,,1
Wheat,Wheat_SChinaSea,Water Withdrawal,Water Withdrawal|Irrigation,,1
Wheat,Wheat_Salween,Water Withdrawal,Water Withdrawal|Irrigation,,1
Wheat,Wheat_Tarim,Water Withdrawal,Water Withdrawal|Irrigation,,1
Wheat,Wheat_XunJiang,Water Withdrawal,Water Withdrawal|Irrigation,,1
Wheat,Wheat_Yangtze,Water Withdrawal,Water Withdrawal|Irrigation,,1
Wheat,Wheat_ZiyaHe,Water Withdrawal,Water Withdrawal|Irrigation,,1
Wheat,Wheat_AdrBlkSea,Water Withdrawal,Water Withdrawal|Irrigation,,1
Wheat,Wheat_DanubeR,Water Withdrawal,Water Withdrawal|Irrigation,,1
Wheat,Wheat_DnkGrmCst,Water Withdrawal,Water Withdrawal|Irrigation,,1
Wheat,Wheat_ElbeR,Water Withdrawal,Water Withdrawal|Irrigation,,1
Wheat,Wheat_NemanR,Water Withdrawal,Water Withdrawal|Irrigation,,1
Wheat,Wheat_OderR,Water Withdrawal,Water Withdrawal|Irrigation,,1
Wheat,Wheat_PolandCst,Water Withdrawal,Water Withdrawal|Irrigation,,1
Wheat,Wheat_WislaR,Water Withdrawal,Water Withdrawal|Irrigation,,1
Wheat,Wheat_DouroR,Water Withdrawal,Water Withdrawal|Irrigation,,1
Wheat,Wheat_EbroR,Water Withdrawal,Water Withdrawal|Irrigation,,1
Wheat,Wheat_EngWales,Water Withdrawal,Water Withdrawal|Irrigation,,1
Wheat,Wheat_FranceCstS,Water Withdrawal,Water Withdrawal|Irrigation,,1
Wheat,Wheat_FranceCstW,Water Withdrawal,Water Withdrawal|Irrigation,,1
Wheat,Wheat_Gironde,Water Withdrawal,Water Withdrawal|Irrigation,,1
Wheat,Wheat_GuadalqR,Water Withdrawal,Water Withdrawal|Irrigation,,1
Wheat,Wheat_GuadianaR,Water Withdrawal,Water Withdrawal|Irrigation,,1
Wheat,Wheat_IberiaCst,Water Withdrawal,Water Withdrawal|Irrigation,,1
Wheat,Wheat_Ireland,Water Withdrawal,Water Withdrawal|Irrigation,,1
Wheat,Wheat_ItalyCstE,Water Withdrawal,Water Withdrawal|Irrigation,,1
Wheat,Wheat_ItalyCstW,Water Withdrawal,Water Withdrawal|Irrigation,,1
Wheat,Wheat_LoireR,Water Withdrawal,Water Withdrawal|Irrigation,,1
Wheat,Wheat_MeditIsl,Water Withdrawal,Water Withdrawal|Irrigation,,1
Wheat,Wheat_PoR,Water Withdrawal,Water Withdrawal|Irrigation,,1
Wheat,Wheat_RhineR,Water Withdrawal,Water Withdrawal|Irrigation,,1
Wheat,Wheat_RhoneR,Water Withdrawal,Water Withdrawal|Irrigation,,1
Wheat,Wheat_ScheldtR,Water Withdrawal,Water Withdrawal|Irrigation,,1
Wheat,Wheat_Scotland,Water Withdrawal,Water Withdrawal|Irrigation,,1
Wheat,Wheat_SeineR,Water Withdrawal,Water Withdrawal|Irrigation,,1
Wheat,Wheat_SpainCstSE,Water Withdrawal,Water Withdrawal|Irrigation,,1
Wheat,Wheat_Sweden,Water Withdrawal,Water Withdrawal|Irrigation,,1
Wheat,Wheat_TagusR,Water Withdrawal,Water Withdrawal|Irrigation,,1
Wheat,Wheat_TiberR,Water Withdrawal,Water Withdrawal|Irrigation,,1
Wheat,Wheat_BlackSeaN,Water Withdrawal,Water Withdrawal|Irrigation,,1
Wheat,Wheat_DnieperR,Water Withdrawal,Water Withdrawal|Irrigation,,1
Wheat,Wheat_DniesterR,Water Withdrawal,Water Withdrawal|Irrigation,,1
Wheat,Wheat_DonR,Water Withdrawal,Water Withdrawal|Irrigation,,1
Wheat,Wheat_EJrdnSyr,Water Withdrawal,Water Withdrawal|Irrigation,,1
Wheat,Wheat_TigrEuphR,Water Withdrawal,Water Withdrawal|Irrigation,,1
Wheat,Wheat_BengalBay,Water Withdrawal,Water Withdrawal|Irrigation,,1
Wheat,Wheat_BengalW,Water Withdrawal,Water Withdrawal|Irrigation,,1
Wheat,Wheat_BrahmaniR,Water Withdrawal,Water Withdrawal|Irrigation,,1
Wheat,Wheat_CauveryR,Water Withdrawal,Water Withdrawal|Irrigation,,1
Wheat,Wheat_GodavariR,Water Withdrawal,Water Withdrawal|Irrigation,,1
Wheat,Wheat_IndCstNE,Water Withdrawal,Water Withdrawal|Irrigation,,1
Wheat,Wheat_IndCstW,Water Withdrawal,Water Withdrawal|Irrigation,,1
Wheat,Wheat_IndusR,Water Withdrawal,Water Withdrawal|Irrigation,,1
Wheat,Wheat_KrishnaR,Water Withdrawal,Water Withdrawal|Irrigation,,1
Wheat,Wheat_MahanadiR,Water Withdrawal,Water Withdrawal|Irrigation,,1
Wheat,Wheat_MahiR,Water Withdrawal,Water Withdrawal|Irrigation,,1
Wheat,Wheat_NarmadaR,Water Withdrawal,Water Withdrawal|Irrigation,,1
Wheat,Wheat_PennarR,Water Withdrawal,Water Withdrawal|Irrigation,,1
Wheat,Wheat_SabarmatiR,Water Withdrawal,Water Withdrawal|Irrigation,,1
Wheat,Wheat_TaptiR,Water Withdrawal,Water Withdrawal|Irrigation,,1
Wheat,Wheat_Japan,Water Withdrawal,Water Withdrawal|Irrigation,,1
Wheat,Wheat_California,Water Withdrawal,Water Withdrawal|Irrigation,,1
Wheat,Wheat_CntAmer,Water Withdrawal,Water Withdrawal|Irrigation,,1
Wheat,Wheat_GrijUsuR,Water Withdrawal,Water Withdrawal|Irrigation,,1
Wheat,Wheat_MexBaja,Water Withdrawal,Water Withdrawal|Irrigation,,1
Wheat,Wheat_MexCstNW,Water Withdrawal,Water Withdrawal|Irrigation,,1
Wheat,Wheat_MexCstW,Water Withdrawal,Water Withdrawal|Irrigation,,1
Wheat,Wheat_MexGulf,Water Withdrawal,Water Withdrawal|Irrigation,,1
Wheat,Wheat_MexInt,Water Withdrawal,Water Withdrawal|Irrigation,,1
Wheat,Wheat_Papaloapan,Water Withdrawal,Water Withdrawal|Irrigation,,1
Wheat,Wheat_RioBalsas,Water Withdrawal,Water Withdrawal|Irrigation,,1
Wheat,Wheat_RioGrande,Water Withdrawal,Water Withdrawal|Irrigation,,1
Wheat,Wheat_RioLerma,Water Withdrawal,Water Withdrawal|Irrigation,,1
Wheat,Wheat_RioVerde,Water Withdrawal,Water Withdrawal|Irrigation,,1
Wheat,Wheat_Tehuantpc,Water Withdrawal,Water Withdrawal|Irrigation,,1
Wheat,Wheat_UsaColoRS,Water Withdrawal,Water Withdrawal|Irrigation,,1
Wheat,Wheat_ArabianP,Water Withdrawal,Water Withdrawal|Irrigation,,1
Wheat,Wheat_DeadSea,Water Withdrawal,Water Withdrawal|Irrigation,,1
Wheat,Wheat_FarahrudR,Water Withdrawal,Water Withdrawal|Irrigation,,1
Wheat,Wheat_Helmand,Water Withdrawal,Water Withdrawal|Irrigation,,1
Wheat,Wheat_Iran,Water Withdrawal,Water Withdrawal|Irrigation,,1
Wheat,Wheat_PersianGulf,Water Withdrawal,Water Withdrawal|Irrigation,,1
Wheat,Wheat_RedSeaE,Water Withdrawal,Water Withdrawal|Irrigation,,1
Wheat,Wheat_ArabianSea,Water Withdrawal,Water Withdrawal|Irrigation,,1
Wheat,Wheat_HamuMashR,Water Withdrawal,Water Withdrawal|Irrigation,,1
Wheat,Wheat_BalticSea,Water Withdrawal,Water Withdrawal|Irrigation,,1
Wheat,Wheat_BarentsSea,Water Withdrawal,Water Withdrawal|Irrigation,,1
Wheat,Wheat_DaugavaR,Water Withdrawal,Water Withdrawal|Irrigation,,1
Wheat,Wheat_DvinaRN,Water Withdrawal,Water Withdrawal|Irrigation,,1
Wheat,Wheat_NarvaR,Water Withdrawal,Water Withdrawal|Irrigation,,1
Wheat,Wheat_NevaR,Water Withdrawal,Water Withdrawal|Irrigation,,1
Wheat,Wheat_YeniseiR,Water Withdrawal,Water Withdrawal|Irrigation,,1
Wheat,Wheat_AfrCstS,Water Withdrawal,Water Withdrawal|Irrigation,,1
Wheat,Wheat_AfrCstSSW,Water Withdrawal,Water Withdrawal|Irrigation,,1
Wheat,Wheat_AmazonR,Water Withdrawal,Water Withdrawal|Irrigation,,1
Wheat,Wheat_ChileCstN,Water Withdrawal,Water Withdrawal|Irrigation,,1
Wheat,Wheat_ChileCstS,Water Withdrawal,Water Withdrawal|Irrigation,,1
Wheat,Wheat_ColEcuaCst,Water Withdrawal,Water Withdrawal|Irrigation,,1
Wheat,Wheat_PeruCst,Water Withdrawal,Water Withdrawal|Irrigation,,1
Wheat,Wheat_Korea,Water Withdrawal,Water Withdrawal|Irrigation,,1
Wheat,Wheat_MalaysiaP,Water Withdrawal,Water Withdrawal|Irrigation,,1
Wheat,Wheat_SittaungR,Water Withdrawal,Water Withdrawal|Irrigation,,1
Wheat,Wheat_ArkWhtRedR,Water Withdrawal,Water Withdrawal|Irrigation,,1
Wheat,Wheat_GreatBasin,Water Withdrawal,Water Withdrawal|Irrigation,,1
Wheat,Wheat_MissppRN,Water Withdrawal,Water Withdrawal|Irrigation,,1
Wheat,Wheat_MissppRS,Water Withdrawal,Water Withdrawal|Irrigation,,1
Wheat,Wheat_OhioR,Water Withdrawal,Water Withdrawal|Irrigation,,1
Wheat,Wheat_TennR,Water Withdrawal,Water Withdrawal|Irrigation,,1
Wheat,Wheat_TexasCst,Water Withdrawal,Water Withdrawal|Irrigation,,1
Wheat,Wheat_UsaColoRN,Water Withdrawal,Water Withdrawal|Irrigation,,1
Wheat,Wheat_UsaCstE,Water Withdrawal,Water Withdrawal|Irrigation,,1
Wheat,Wheat_UsaCstSE,Water Withdrawal,Water Withdrawal|Irrigation,,1
